<soap:Envelope xmlns:soap="http://schemas.xmlsoap.org/soap/envelope/"><soap:Header><ns2:ReqHeader xmlns:ns7="http://xml.sq.com.sg/RES/Bridging/common/SSHDetails" xmlns:ns6="http://xml.sq.com.sg/RES/Bridging/common/SegmentMeal" xmlns:ns5="http://xml.sq.com.sg/common/eRetailError" xmlns:ns4="http://xml.sq.com.sg/common/mwError" xmlns:ns3="http://xml.sq.com.sg/RES/Bridging/HASPNR/PNRSchema" xmlns:ns2="http://xml.sq.com.sg/common/header"><ns2:ReqDateTime>2012-02-17T19:18:47.846+08:00</ns2:ReqDateTime><ns2:AppUUID>r5djP2xT2P7qTryQLTV2n4s2hLs6Rq11sGPn2MSySTNTpv27JQyt!-1674740391!1329476078138</ns2:AppUUID><ns2:WsVersion>1.0</ns2:WsVersion><ns2:IsLastTransaction>false</ns2:IsLastTransaction><ns2:SecurityToken><ns2:MWCredential><ns2:ReqAppId>SAA</ns2:ReqAppId><ns2:ReqAppIdPassword></ns2:ReqAppIdPassword></ns2:MWCredential><ns2:ProviderCredentials /></ns2:SecurityToken><ns2:EsbUUID>SAA</ns2:EsbUUID></ns2:ReqHeader></soap:Header><soap:Body><ns2:UpdateMealSelectionRequest xmlns:ns2="http://xml.sq.com.sg/RES/Bridging/HASPNR/PNRSchema" xmlns:ns3="http://xml.sq.com.sg/common/mwError" xmlns:ns4="http://xml.sq.com.sg/common/eRetailError" xmlns:ns5="http://xml.sq.com.sg/common/header" xmlns:ns6="http://xml.sq.com.sg/RES/Bridging/common/SegmentMeal" xmlns:ns7="http://xml.sq.com.sg/RES/Bridging/common/SSHDetails"><ns2:pnr>MNU6X8</ns2:pnr><ns2:ignoreSegmentFailure>true</ns2:ignoreSegmentFailure><ns2:paxList><ns6:pax><ns6:paxNumber>1</ns6:paxNumber><ns6:segmentList><ns6:segment><ns6:segmentNumber>1</ns6:segmentNumber><ns6:segmentMeals><ns6:mealCode>BSDSR</ns6:mealCode><ns6:mealServiceCode>B</ns6:mealServiceCode><ns6:mealOriginCode>SIN</ns6:mealOriginCode></ns6:segmentMeals><ns6:segmentMeals><ns6:mealCode>VJML</ns6:mealCode><ns6:mealOriginCode>SIN</ns6:mealOriginCode></ns6:segmentMeals></ns6:segment></ns6:segmentList></ns6:pax><ns6:pax><ns6:paxNumber>2</ns6:paxNumber><ns6:segmentList><ns6:segment><ns6:segmentNumber>1</ns6:segmentNumber><ns6:segmentMeals><ns6:mealCode>BZBBG</ns6:mealCode><ns6:mealOriginCode>SIN</ns6:mealOriginCode></ns6:segmentMeals><ns6:segmentMeals><ns6:mealCode>BZFFG</ns6:mealCode><ns6:mealOriginCode>SIN</ns6:mealOriginCode></ns6:segmentMeals></ns6:segment></ns6:segmentList></ns6:pax></ns2:paxList></ns2:UpdateMealSelectionRequest></soap:Body></soap:Envelope>