<?xml version='1.0' encoding='iso-8859-1'?><BookTripPlanOutput xmlns:xsi='http://www.w3.org/2001/XMLSchema-instance' xsi:noNamespaceSchemaLocation='http://book.extra.sq.amadeus.com/XMLSchemas/XSD_1.0/pnr/BookTripPlanOutput.xsd' version='XSD_1.0'><TX_STATUS>0</TX_STATUS><LIST_MSG><TYPE>W</TYPE><NUMBER>15243</NUMBER><TEXT><![CDATA[Your pack has been cancelled because it was incomplete (15243)]]></TEXT></LIST_MSG><LIST_MSG><TYPE>W</TYPE><NUMBER>119225</NUMBER><TEXT><![CDATA[Your service selection contains unavailable service(s). (119225)]]></TEXT><LIST_FIELD_ERROR></LIST_FIELD_ERROR></LIST_MSG><PAGE_TICKET>7</PAGE_TICKET><NO_METHOD_OF_GUARANTEE_SECTION>false</NO_METHOD_OF_GUARANTEE_SECTION><BOOL_PNR_MODIFICATION_ABORTED>true</BOOL_PNR_MODIFICATION_ABORTED><LIST_TRAVELLER_TYPE_PRIMARY><CODE>ADT</CODE><NAME><![CDATA[Adult]]></NAME><IS_DATE_REQUIRED>false</IS_DATE_REQUIRED></LIST_TRAVELLER_TYPE_PRIMARY><LIST_TRAVELLER_TYPE_PRIMARY><CODE>B15</CODE><NAME><![CDATA[Youth (12-15)]]></NAME><IS_DATE_REQUIRED>false</IS_DATE_REQUIRED></LIST_TRAVELLER_TYPE_PRIMARY><LIST_TRAVELLER_TYPE_PRIMARY><CODE>CHD</CODE><NAME><![CDATA[Child (2-11)]]></NAME><IS_DATE_REQUIRED>false</IS_DATE_REQUIRED></LIST_TRAVELLER_TYPE_PRIMARY><LIST_TRAVELLER_TYPE_PRIMARY><CODE>STU</CODE><NAME><![CDATA[Student]]></NAME><IS_DATE_REQUIRED>false</IS_DATE_REQUIRED></LIST_TRAVELLER_TYPE_PRIMARY><LIST_TRAVELLER_TYPE_PRIMARY><CODE>YTH</CODE><NAME><![CDATA[Youth]]></NAME><IS_DATE_REQUIRED>false</IS_DATE_REQUIRED></LIST_TRAVELLER_TYPE_PRIMARY><LIST_TRAVELLER_TYPE><CODE>ADT</CODE><NAME><![CDATA[Adult]]></NAME><IS_DATE_REQUIRED>false</IS_DATE_REQUIRED></LIST_TRAVELLER_TYPE><LIST_TRAVELLER_TYPE><CODE>B15</CODE><NAME><![CDATA[Youth (12-15)]]></NAME><IS_DATE_REQUIRED>false</IS_DATE_REQUIRED></LIST_TRAVELLER_TYPE><LIST_TRAVELLER_TYPE><CODE>CHD</CODE><NAME><![CDATA[Child (2-11)]]></NAME><IS_DATE_REQUIRED>false</IS_DATE_REQUIRED></LIST_TRAVELLER_TYPE><LIST_TRAVELLER_TYPE><CODE>INF</CODE><NAME><![CDATA[Infant (0-1)]]></NAME><IS_DATE_REQUIRED>false</IS_DATE_REQUIRED></LIST_TRAVELLER_TYPE><LIST_TRAVELLER_TYPE><CODE>STU</CODE><NAME><![CDATA[Student]]></NAME><IS_DATE_REQUIRED>false</IS_DATE_REQUIRED></LIST_TRAVELLER_TYPE><LIST_TRAVELLER_TYPE><CODE>YTH</CODE><NAME><![CDATA[Youth]]></NAME><IS_DATE_REQUIRED>false</IS_DATE_REQUIRED></LIST_TRAVELLER_TYPE><BOOL_NO_MOD>false</BOOL_NO_MOD><BOOL_QUEUING_FORMAT_OW>false</BOOL_QUEUING_FORMAT_OW><BOOL_PICKUP_AC_TO_AVAILABLE>false</BOOL_PICKUP_AC_TO_AVAILABLE><BOOL_DELIVER_TO_AVAILABLE>false</BOOL_DELIVER_TO_AVAILABLE><BOOL_PICKUP_AIRPORT_AVAILABLE>true</BOOL_PICKUP_AIRPORT_AVAILABLE><BOOL_E_TICKET_AVAILABLE>true</BOOL_E_TICKET_AVAILABLE><BOOL_HAND_AVAILABLE>false</BOOL_HAND_AVAILABLE><BOOL_PICKUP_AVAILABLE>false</BOOL_PICKUP_AVAILABLE><LIST_PREF_RAIL_CLASS><CODE>4</CODE><NAME><![CDATA[No Preference]]></NAME></LIST_PREF_RAIL_CLASS><LIST_PREF_RAIL_CLASS><CODE>1</CODE><NAME><![CDATA[1st Class]]></NAME></LIST_PREF_RAIL_CLASS><LIST_PREF_RAIL_CLASS><CODE>2</CODE><NAME><![CDATA[2nd Class]]></NAME></LIST_PREF_RAIL_CLASS><BOOL_EXPRESS_MAIL_AVAILABLE>false</BOOL_EXPRESS_MAIL_AVAILABLE><BOOL_ACCOUNT_REF_AVAILABLE>false</BOOL_ACCOUNT_REF_AVAILABLE><BOOL_TICKETLESS_AVAILABLE>false</BOOL_TICKETLESS_AVAILABLE><BOOL_PNR_MODIFIED>true</BOOL_PNR_MODIFIED><LIST_USE_OF><CODE>P</CODE><NAME><![CDATA[Personal]]></NAME></LIST_USE_OF><LIST_USE_OF><CODE>C</CODE><NAME><![CDATA[Corporate]]></NAME></LIST_USE_OF><LIST_ROOM_SMOKING><CODE>00</CODE><NAME><![CDATA[No Preference]]></NAME></LIST_ROOM_SMOKING><LIST_ROOM_SMOKING><CODE>SM</CODE><NAME><![CDATA[Smoking]]></NAME></LIST_ROOM_SMOKING><LIST_ROOM_SMOKING><CODE>NS</CODE><NAME><![CDATA[Non Smoking]]></NAME></LIST_ROOM_SMOKING><DEFAULT_HOTEL_COMPANY_CODE>00</DEFAULT_HOTEL_COMPANY_CODE><DEFAULT_ADDITIONAL_INFORMATION><![CDATA[- pls. select -]]></DEFAULT_ADDITIONAL_INFORMATION><BOOL_DISPLAY_MOG>false</BOOL_DISPLAY_MOG><BOOL_ADD_INSURANCE_AVAILABLE>true</BOOL_ADD_INSURANCE_AVAILABLE><STATUS><TYPE>STATUS</TYPE><IS_TRAVEL_IN_MODIFICATION>false</IS_TRAVEL_IN_MODIFICATION><IS_MODIFICATION_IN_PROGRESS>false</IS_MODIFICATION_IN_PROGRESS><IS_TRAVEL_IN_CREATION>false</IS_TRAVEL_IN_CREATION></STATUS><TRIP><LIST_TRIP_PLAN_PRICE><AMOUNT>67320.00</AMOUNT><CURRENCY><CODE>JPY</CODE><NAME><![CDATA[Japanese Yen]]></NAME></CURRENCY><TOTAL_AMOUNT>67320.00</TOTAL_AMOUNT><TOTAL_REBOOK_BALANCE>0.00</TOTAL_REBOOK_BALANCE></LIST_TRIP_PLAN_PRICE><LIST_FLIGHT_PRICE><AMOUNT>60660.00</AMOUNT><CURRENCY><CODE>JPY</CODE><NAME><![CDATA[Japanese Yen]]></NAME></CURRENCY><TOTAL_AMOUNT>60660.00</TOTAL_AMOUNT></LIST_FLIGHT_PRICE><X_ACTIVE_SITE_CODE><![CDATA[C00AC00A]]></X_ACTIVE_SITE_CODE><RETRIEVE_SITE_CODE><![CDATA[C00AC00A]]></RETRIEVE_SITE_CODE><IS_CREATED_ONLINE>true</IS_CREATED_ONLINE><PERMISSIONS><IS_CANCELLATION_ALLOWED>true</IS_CANCELLATION_ALLOWED><CANCELLATION_NON_ELIGIBILTY_REASON><![CDATA[BACKWARD COMPATIBILITY]]></CANCELLATION_NON_ELIGIBILTY_REASON><IS_CANC_ALLOWED_JUST_AFTER_BOOK>false</IS_CANC_ALLOWED_JUST_AFTER_BOOK><IS_MODIFICATION_ALLOWED>true</IS_MODIFICATION_ALLOWED><IS_APPROVE_REJECT_ALLOWED>true</IS_APPROVE_REJECT_ALLOWED><IS_MOP_MODIFICATION_ALLOWED>false</IS_MOP_MODIFICATION_ALLOWED><USE_PENDING_TRIPS>false</USE_PENDING_TRIPS><IS_PENDING_CONFIRMATION_ALLOWED>true</IS_PENDING_CONFIRMATION_ALLOWED><PERMISSION_BY_ELEMENT_TYPE><TYPE><![CDATA[RAIL_ANCILLARY_SERVICES]]></TYPE><ADD_DISABLED>true</ADD_DISABLED><ALLOW_MODIFY>false</ALLOW_MODIFY><ALLOW_DELETE>false</ALLOW_DELETE></PERMISSION_BY_ELEMENT_TYPE><PERMISSION_BY_ELEMENT_TYPE><TYPE><![CDATA[WEBFARE_ANCILLARY_SERVICES]]></TYPE><ADD_DISABLED>true</ADD_DISABLED><ALLOW_MODIFY>false</ALLOW_MODIFY><ALLOW_DELETE>false</ALLOW_DELETE></PERMISSION_BY_ELEMENT_TYPE><PERMISSION_BY_ELEMENT_TYPE><TYPE><![CDATA[AIR]]></TYPE><ADD_DISABLED>false</ADD_DISABLED></PERMISSION_BY_ELEMENT_TYPE><PERMISSION_BY_ELEMENT_TYPE><TYPE><![CDATA[RAIL]]></TYPE><ADD_DISABLED>false</ADD_DISABLED></PERMISSION_BY_ELEMENT_TYPE><PERMISSION_BY_ELEMENT_TYPE><TYPE><![CDATA[CAR]]></TYPE><ADD_DISABLED>false</ADD_DISABLED></PERMISSION_BY_ELEMENT_TYPE><PERMISSION_BY_ELEMENT_TYPE><TYPE><![CDATA[HOTEL]]></TYPE><ADD_DISABLED>false</ADD_DISABLED></PERMISSION_BY_ELEMENT_TYPE><PERMISSION_BY_ELEMENT_TYPE><TYPE><![CDATA[EXTERNAL_PROVIDER]]></TYPE><ADD_DISABLED>false</ADD_DISABLED></PERMISSION_BY_ELEMENT_TYPE><PERMISSION_BY_ELEMENT_TYPE><TYPE><![CDATA[AIR_ANCILLARY_SERVICES]]></TYPE><ADD_DISABLED>true</ADD_DISABLED><ALLOW_MODIFY>true</ALLOW_MODIFY><ALLOW_DELETE>true</ALLOW_DELETE></PERMISSION_BY_ELEMENT_TYPE><PERMISSION_BY_ELEMENT_TYPE><TYPE><![CDATA[WEB_FARE]]></TYPE><ADD_DISABLED>false</ADD_DISABLED></PERMISSION_BY_ELEMENT_TYPE><SERVICING><IS_ELIGIBLE_FOR_SERVICING><IS_ELIGIBLE>true</IS_ELIGIBLE></IS_ELIGIBLE_FOR_SERVICING><IS_ELIGIBLE_FOR_SERVICING_SPECIAL_REQUEST><IS_ELIGIBLE>true</IS_ELIGIBLE></IS_ELIGIBLE_FOR_SERVICING_SPECIAL_REQUEST><IS_ELIGIBLE_FOR_SERVICING_SEAT><IS_ELIGIBLE>true</IS_ELIGIBLE></IS_ELIGIBLE_FOR_SERVICING_SEAT><IS_ELIGIBLE_FOR_SERVICING_CHARGEABLE_SERVICES><IS_ELIGIBLE>true</IS_ELIGIBLE></IS_ELIGIBLE_FOR_SERVICING_CHARGEABLE_SERVICES><IS_ELIGIBLE_FOR_NAME_UPDATE><IS_ELIGIBLE>false</IS_ELIGIBLE><NON_ELIGIBILITY_REASON><![CDATA[ALLOW_NM_UPDATE is set to False]]></NON_ELIGIBILITY_REASON></IS_ELIGIBLE_FOR_NAME_UPDATE></SERVICING><VOUCHER><UNUSED_TICKET_VOUCHER><IS_ELIGIBLE>false</IS_ELIGIBLE></UNUSED_TICKET_VOUCHER></VOUCHER><WL_CONFIRMATION><IS_ELIGIBLE>false</IS_ELIGIBLE><NON_ELIGIBILITY_REASON><![CDATA[WL_CONFIGURATION]]></NON_ELIGIBILITY_REASON></WL_CONFIRMATION><IS_REFUND_ALLOWED><![CDATA[false]]></IS_REFUND_ALLOWED></PERMISSIONS><BOOL_TRIP_OUT_OF_POLICY>false</BOOL_TRIP_OUT_OF_POLICY><IS_SCHEDULE_CHANGE>false</IS_SCHEDULE_CHANGE><REBOOKING><ELIGIBLE_TO_REBOOKING>true</ELIGIBLE_TO_REBOOKING><LIST_ELIGIBILITY_TYPE><![CDATA[ATC_FP]]></LIST_ELIGIBILITY_TYPE><LIST_ELIGIBILITY_TYPE><![CDATA[ATC_SD]]></LIST_ELIGIBILITY_TYPE><NUMBER_OF_REBOOKING><![CDATA[0]]></NUMBER_OF_REBOOKING><NUMBER_OF_REBOOKING_FLOWN><![CDATA[0]]></NUMBER_OF_REBOOKING_FLOWN><NUMBER_OF_REISSUE_WITH_PENALTY><![CDATA[0]]></NUMBER_OF_REISSUE_WITH_PENALTY><NUMBER_OF_REISSUE_WITHOUT_PENALTY><![CDATA[0]]></NUMBER_OF_REISSUE_WITHOUT_PENALTY><NUMBER_OF_REVALIDATION_WITH_PENALTY><![CDATA[0]]></NUMBER_OF_REVALIDATION_WITH_PENALTY><NUMBER_OF_REVALIDATION_WITHOUT_PENALTY><![CDATA[0]]></NUMBER_OF_REVALIDATION_WITHOUT_PENALTY><TOTAL_AMOUNT_PENALTY><![CDATA[0.00]]></TOTAL_AMOUNT_PENALTY><TOTAL_AMOUNT_ADD_COLLECTION><![CDATA[0.00]]></TOTAL_AMOUNT_ADD_COLLECTION><TOTAL_AMOUNT_REFUND><![CDATA[0.00]]></TOTAL_AMOUNT_REFUND><IS_ORIGIN_AND_DESTINATION_CHANGE_ALLOWED>true</IS_ORIGIN_AND_DESTINATION_CHANGE_ALLOWED></REBOOKING><INVOLUNTARY_REBOOKING><ELIGIBLE_TO_REBOOKING>false</ELIGIBLE_TO_REBOOKING><NON_ELIGIBILITY_REASON><![CDATA[ATC_INVOLUNTARY_NOT_ACTIVATED]]></NON_ELIGIBILITY_REASON><LIST_DISRUPTION_BOUND><ITEM_ID><![CDATA[1]]></ITEM_ID><IS_DISRUPTED>false</IS_DISRUPTED><ELIGIBLE_TO_REBOOKING>false</ELIGIBLE_TO_REBOOKING><NON_ELIGIBILITY_REASON><![CDATA[ATC_INVOLUNTARY_NOT_ACTIVATED]]></NON_ELIGIBILITY_REASON><DISRUPTION_TYPE><![CDATA[UNDEFINED]]></DISRUPTION_TYPE></LIST_DISRUPTION_BOUND></INVOLUNTARY_REBOOKING><UPGRADE><ELIGIBLE_TO_UPGRADE>false</ELIGIBLE_TO_UPGRADE><NON_ELIGIBILITY_REASON><![CDATA[SITE_OR_PNR_NOT_AUTHORIZED_FOR_REBOOKING. Site not configured for ATC Upgrade.]]></NON_ELIGIBILITY_REASON><ELIGIBLE_TO_WL_CONFIRMATION>false</ELIGIBLE_TO_WL_CONFIRMATION><WL_CONFIRMATION_NON_ELIGIBILITY_REASON><![CDATA[WL_CONFIGURATION]]></WL_CONFIRMATION_NON_ELIGIBILITY_REASON><EMD_UPGRADE><ELIGIBILITY><REVENUE><ELIGIBLE_TO_EMD_UPGRADE>true</ELIGIBLE_TO_EMD_UPGRADE></REVENUE><AWARD><ELIGIBLE_TO_EMD_UPGRADE>true</ELIGIBLE_TO_EMD_UPGRADE></AWARD></ELIGIBILITY></EMD_UPGRADE></UPGRADE><SPLIT><IS_ELIGIBLE>false</IS_ELIGIBLE><NON_ELIGIBILITY_REASON><![CDATA[TRIP_SPLIT_CONFIGURATION]]></NON_ELIGIBILITY_REASON></SPLIT><WEB_RECEIPT><IS_ELIGIBLE>true</IS_ELIGIBLE></WEB_RECEIPT><DOWNGRADE><IS_ELIGIBLE>false</IS_ELIGIBLE><NON_ELIGIBILITY_REASON><![CDATA[SITE_DOES_NOT_ALLOW_DOWNGRADE]]></NON_ELIGIBILITY_REASON></DOWNGRADE><US_AERGO_IMPORT><![CDATA[false]]></US_AERGO_IMPORT><IMPORTED_BOOKING>false</IMPORTED_BOOKING><LIST_ELIGIBILITY_CHECKS_DONE><CHECK><![CDATA[EXCHANGE]]></CHECK></LIST_ELIGIBILITY_CHECKS_DONE><IS_VOUCHER_PNR>false</IS_VOUCHER_PNR></TRIP><PNR><TYPE>PNR</TYPE><LIST_HOMOGENEOUS_CHECK><TYPE><![CDATA[GDS]]></TYPE><IS_HOMOGENEOUS>true</IS_HOMOGENEOUS></LIST_HOMOGENEOUS_CHECK><PRIMARY_REC_LOC>6EUVWI</PRIMARY_REC_LOC><REC_LOC>6EUVWI</REC_LOC><LIST_AIRLINE_REC_LOC><AIRLINE><CODE>SQ</CODE><NAME><![CDATA[Singapore Airlines]]></NAME></AIRLINE><AIRLINE_REC_LOC>6EUVWI</AIRLINE_REC_LOC></LIST_AIRLINE_REC_LOC><HEADER_TST>true</HEADER_TST><LIST_FARE_REMARKS><VALUE>SQ</VALUE><TYPE><![CDATA[VALIDATING_CARRIER]]></TYPE><PASSENGER_TYPE>PAX</PASSENGER_TYPE><LIST_PASSENGER_ID>1</LIST_PASSENGER_ID><LIST_SEGMENT_ID>1</LIST_SEGMENT_ID></LIST_FARE_REMARKS><LIST_FARE_REMARKS><VALUE>PAX VALID SQ/MI.CHNG FEE APPLYREFUND FEE APPLY NO SHOW FEE APPLY</VALUE><TYPE><![CDATA[Endorsement]]></TYPE><PASSENGER_TYPE>PAX</PASSENGER_TYPE><LIST_PASSENGER_ID>1</LIST_PASSENGER_ID><LIST_SEGMENT_ID>1</LIST_SEGMENT_ID></LIST_FARE_REMARKS><TICKETING_METHOD>ET</TICKETING_METHOD><TICKETED>true</TICKETED><TICKETED_AND_NO_PNR_DISCREPANCY>true</TICKETED_AND_NO_PNR_DISCREPANCY><LIST_ETICKET_RECORD><DOCUMENT_NUMBER>6182433211796</DOCUMENT_NUMBER><IS_INTERNATIONAL>true</IS_INTERNATIONAL><LIST_PRICE><AMOUNT_TYPE><![CDATA[STANDARD]]></AMOUNT_TYPE><BASE_FARE_AMOUNT>57000.00</BASE_FARE_AMOUNT><TAX_AMOUNT>3660.00</TAX_AMOUNT><TOTAL_AMOUNT>60660.00</TOTAL_AMOUNT><LIST_TAX><TAX_AMOUNT>530.00</TAX_AMOUNT><TAX_CODE>OI</TAX_CODE></LIST_TAX><LIST_TAX><TAX_AMOUNT>2130.00</TAX_AMOUNT><TAX_CODE>SW</TAX_CODE></LIST_TAX><LIST_TAX><TAX_AMOUNT>1000.00</TAX_AMOUNT><TAX_CODE>TK</TAX_CODE></LIST_TAX><CURRENCY><CODE><![CDATA[JPY]]></CODE><NAME><![CDATA[Japanese Yen]]></NAME></CURRENCY></LIST_PRICE><FARE_CALCULATION>TYO SQ SIN517.73NUC517.73END ROE110.094462</FARE_CALCULATION><TICKET_DATA><FARE_DATA><INVOLUNTARY_REISSUE_INDICATOR><![CDATA[false]]></INVOLUNTARY_REISSUE_INDICATOR><LIST_SEGMENT><FARE_BASIS><![CDATA[W14JPW8]]></FARE_BASIS><BAGGAGE_ALLOWANCE><![CDATA[30K]]></BAGGAGE_ALLOWANCE><COUPON_STATUS><![CDATA[I]]></COUPON_STATUS><SEGMENT_ID><![CDATA[1]]></SEGMENT_ID></LIST_SEGMENT></FARE_DATA><PNR_DATA><PASSENGERS><TYPE><![CDATA[A]]></TYPE><PNR_TRAVELLER_ID><![CDATA[1]]></PNR_TRAVELLER_ID></PASSENGERS></PNR_DATA></TICKET_DATA><PAYMENT_GROUP><TYPE>PAYMENT_GROUP</TYPE><LIST_PAYMENT><PAYMENT_TYPE><CODE><![CDATA[CC]]></CODE></PAYMENT_TYPE><STATUS><![CDATA[3]]></STATUS><AMOUNT>60660.00</AMOUNT><CURRENCY><CODE>JPY</CODE></CURRENCY><APPROVAL_DATA><IS_APPROVED>true</IS_APPROVED><APPROVAL_CODE><![CDATA[002652]]></APPROVAL_CODE><APPROVAL_TYPE><![CDATA[MANUAL]]></APPROVAL_TYPE></APPROVAL_DATA><CREDIT_CARD_INFORMATION><CREDIT_CARD_ID><![CDATA[1]]></CREDIT_CARD_ID><ACCOUNT_NUMBER>XXXX-XXXX-XXXX-1209</ACCOUNT_NUMBER><COMPANY><CODE><![CDATA[VI]]></CODE></COMPANY></CREDIT_CARD_INFORMATION><IS_OLD>false</IS_OLD></LIST_PAYMENT><LIST_PAYMENT><PAYMENT_TYPE><CODE><![CDATA[GEN_AGT]]></CODE></PAYMENT_TYPE><STATUS><![CDATA[3]]></STATUS><AMOUNT>0.00</AMOUNT><BASIC_FORM_OF_PAYMENT><![CDATA[*AGT16395816]]></BASIC_FORM_OF_PAYMENT><IS_OLD>false</IS_OLD></LIST_PAYMENT></PAYMENT_GROUP><LIST_FARE_ELEMENT><VALUE><![CDATA[VALID SQ/MI.CHNG FEE APPLYREFUND FEE APPLY NO SHOW FEE APPLY]]></VALUE><TYPE>FE</TYPE></LIST_FARE_ELEMENT><LIST_ETICKET_EMD_COUPON><COUPON_NUMBER><![CDATA[1]]></COUPON_NUMBER><AIRLINE_CODE><![CDATA[SQ]]></AIRLINE_CODE><FLIGHT_NUMBER><![CDATA[637]]></FLIGHT_NUMBER><B_DATE><![CDATA[Sun Jul 04 10:10:00 GMT 2021]]></B_DATE><RBD><![CDATA[W]]></RBD></LIST_ETICKET_EMD_COUPON></LIST_ETICKET_RECORD><LIST_FAFH><TYPE>FA</TYPE><AIRLINE_CODE>SQ</AIRLINE_CODE><DOCUMENT_NUMBER>618-2433211796</DOCUMENT_NUMBER><CITY_CODE>TYO</CITY_CODE><ISSUE_DATE>17MAY21</ISSUE_DATE><IATA_NUMBER>16395816</IATA_NUMBER><TICKET_INDICATOR>ET</TICKET_INDICATOR><PAX_INDICATOR>PAX</PAX_INDICATOR><ASSOCIATED_SEGMENTS><![CDATA[1]]></ASSOCIATED_SEGMENTS><ASSOCIATED_PASSENGERS><![CDATA[2]]></ASSOCIATED_PASSENGERS><ASSOCIATED_TRAVELLER_IDS><![CDATA[1]]></ASSOCIATED_TRAVELLER_IDS><LINE_NUMBER>21</LINE_NUMBER><TATOO_NUMBER>37</TATOO_NUMBER><FREE_TEXT>PAX 618-2433211796/ETSQ/17MAY21/TYOSQ08AA/16395816</FREE_TEXT><ASSOCIATED_ELEMENT_TYPE><![CDATA[AIR]]></ASSOCIATED_ELEMENT_TYPE></LIST_FAFH><LIST_FAFH><TYPE>FA</TYPE><IS_NEWLY_ISSUED>true</IS_NEWLY_ISSUED><AIRLINE_CODE>SQ</AIRLINE_CODE><DOCUMENT_NUMBER>618-4561500393</DOCUMENT_NUMBER><CITY_CODE>TYO</CITY_CODE><ISSUE_DATE>27JUN21</ISSUE_DATE><IATA_NUMBER>16395816</IATA_NUMBER><TICKET_INDICATOR>DT</TICKET_INDICATOR><PAX_INDICATOR>PAX</PAX_INDICATOR><ASSOCIATED_PASSENGERS><![CDATA[2]]></ASSOCIATED_PASSENGERS><ASSOCIATED_OTHER><![CDATA[41]]></ASSOCIATED_OTHER><ASSOCIATED_TRAVELLER_IDS><![CDATA[1]]></ASSOCIATED_TRAVELLER_IDS><LINE_NUMBER>22</LINE_NUMBER><TATOO_NUMBER>53</TATOO_NUMBER><FREE_TEXT>PAX 618-4561500393/DTSQ/JPY6660/27JUN21/TYOSQ08AA/16395816</FREE_TEXT><ASSOCIATED_ELEMENT_TYPE><![CDATA[SERVICE]]></ASSOCIATED_ELEMENT_TYPE></LIST_FAFH><LIST_MANDATE><NAME><![CDATA[REFUNDABLE_TAXES]]></NAME><VALUE><![CDATA[false]]></VALUE></LIST_MANDATE><IS_REPRICED>false</IS_REPRICED><PAYMENT_REQUESTED>true</PAYMENT_REQUESTED><OFFICE_ID>TYOSQ08AA</OFFICE_ID><INITIAL_OFFICE_ID>TYOSQ08AA</INITIAL_OFFICE_ID><RESPONSIBLE_OFFICE_ID>TYOSQ08AA</RESPONSIBLE_OFFICE_ID><POS_DETAILS><OWNER><OFFICE_ID>TYOSQ08AA</OFFICE_ID><ORIGINATOR_ID>16395816</ORIGINATOR_ID><SYSTEM_CODE>SQ</SYSTEM_CODE><LOCATION><CITY_CODE>TYO</CITY_CODE><COUNTRY_CODE>JP</COUNTRY_CODE></LOCATION><CITY_CODE>TYO</CITY_CODE><COUNTRY_CODE>JP</COUNTRY_CODE></OWNER><CREATOR><OFFICE_ID>TYOSQ08AA</OFFICE_ID><ORIGINATOR_ID>16395816</ORIGINATOR_ID><SYSTEM_CODE>SQ</SYSTEM_CODE><LOCATION><CITY_CODE>TYO</CITY_CODE><COUNTRY_CODE>JP</COUNTRY_CODE></LOCATION><CITY_CODE>TYO</CITY_CODE><COUNTRY_CODE>JP</COUNTRY_CODE></CREATOR><LAST_UPDATOR><OFFICE_ID>TYOSQ08AA</OFFICE_ID><ORIGINATOR_ID>16395816</ORIGINATOR_ID><SYSTEM_CODE>SQ</SYSTEM_CODE><LOCATION><CITY_CODE>TYO</CITY_CODE><COUNTRY_CODE>JP</COUNTRY_CODE></LOCATION><CITY_CODE>TYO</CITY_CODE><COUNTRY_CODE>JP</COUNTRY_CODE></LAST_UPDATOR><ONLINE><OFFICE_ID>TYOSQ08AA</OFFICE_ID><LOCATION><CITY_CODE>TYO</CITY_CODE><CITY_NAME>Tokyo</CITY_NAME><COUNTRY_CODE>JP</COUNTRY_CODE><COUNTRY_NAME>Japan</COUNTRY_NAME></LOCATION><CITY_CODE>TYO</CITY_CODE><COUNTRY_CODE>JP</COUNTRY_CODE></ONLINE></POS_DETAILS><DEFAULT_QUEUING_OFFICE_ID>TYOSQ08AA</DEFAULT_QUEUING_OFFICE_ID><FARE_ELEMENT><LIST_TRAVELLER_TYPE><LIST_TRAVELLER><HAS_INFANT>false</HAS_INFANT><IS_PRIMARY_TRAVELLER>true</IS_PRIMARY_TRAVELLER><TRAVELLER_ID>1</TRAVELLER_ID><ORIGINAL_TICKET><GENERAL_DATA><TST_NUMBER><![CDATA[1]]></TST_NUMBER><ORIGIN><![CDATA[TYO]]></ORIGIN><DESTINATION><![CDATA[SIN]]></DESTINATION><MANUAL_AUTOMATIC_FLAG><![CDATA[F]]></MANUAL_AUTOMATIC_FLAG><LAST_TKT_DATE><![CDATA[2021 07 04 00:00]]></LAST_TKT_DATE><FCMI><![CDATA[N]]></FCMI><MODIFICATION_INFO><DATE code='2021-05-17T00:00:00'><![CDATA[Monday, May 17, 2021]]></DATE><AGENT><![CDATA[AA]]></AGENT><OFFICE_ID><![CDATA[TYOSQ08AA]]></OFFICE_ID></MODIFICATION_INFO><IS_INTERNATIONAL><![CDATA[true]]></IS_INTERNATIONAL><IS_CHANGE_FLAG><![CDATA[false]]></IS_CHANGE_FLAG><IS_CONFIDENTIAL><![CDATA[false]]></IS_CONFIDENTIAL><TICKET_TYPE><![CDATA[E]]></TICKET_TYPE></GENERAL_DATA><FARE_DATA><FARE_CALCULATION><![CDATA[TYO SQ SIN517.73NUC517.73END ROE110.094462]]></FARE_CALCULATION><BASE_FARE><![CDATA[57000]]></BASE_FARE><BASE_CURRENCY_CODE><![CDATA[JPY]]></BASE_CURRENCY_CODE><TOTAL_AMOUNT><![CDATA[60660]]></TOTAL_AMOUNT><CURRENCY_CODE><![CDATA[JPY]]></CURRENCY_CODE><AMOUNT_TYPE><![CDATA[STANDARD]]></AMOUNT_TYPE><ISSUE_IDENTIFIER><![CDATA[F]]></ISSUE_IDENTIFIER><INVOLUNTARY_REISSUE_INDICATOR><![CDATA[false]]></INVOLUNTARY_REISSUE_INDICATOR><LIST_TAX><TAX_CODE>OISE</TAX_CODE><TAX_AMOUNT><![CDATA[530]]></TAX_AMOUNT><CURRENCY_CODE><![CDATA[JPY]]></CURRENCY_CODE><TYPE><![CDATA[X]]></TYPE></LIST_TAX><LIST_TAX><TAX_CODE>SWAE</TAX_CODE><TAX_AMOUNT><![CDATA[2130]]></TAX_AMOUNT><CURRENCY_CODE><![CDATA[JPY]]></CURRENCY_CODE><TYPE><![CDATA[X]]></TYPE></LIST_TAX><LIST_TAX><TAX_CODE>TKVC</TAX_CODE><TAX_AMOUNT><![CDATA[1000]]></TAX_AMOUNT><CURRENCY_CODE><![CDATA[JPY]]></CURRENCY_CODE><TYPE><![CDATA[X]]></TYPE></LIST_TAX><LIST_SEGMENT><PRIMARY_CODE><![CDATA[W14]]></PRIMARY_CODE><FARE_BASIS><![CDATA[W14JPW8]]></FARE_BASIS><BAGGAGE_ALLOWANCE><![CDATA[30K]]></BAGGAGE_ALLOWANCE><SEGMENT_ID><![CDATA[1]]></SEGMENT_ID></LIST_SEGMENT><GRAND_TOTAL_AMOUNT><![CDATA[60660]]></GRAND_TOTAL_AMOUNT></FARE_DATA><PNR_DATA><PASSENGERS><TYPE><![CDATA[PAX]]></TYPE><NUMBER><![CDATA[2]]></NUMBER><IS_TICKETED><![CDATA[true]]></IS_TICKETED></PASSENGERS><ENDORSEMENT><![CDATA[VALID SQ/MI.CHNG FEE APPLYREFUND FEE APPLY NO SHOW FEE APPLY]]></ENDORSEMENT><VALIDATING_CARRIER><![CDATA[SQ]]></VALIDATING_CARRIER></PNR_DATA></ORIGINAL_TICKET></LIST_TRAVELLER><TRAVELLER_TYPE><CODE>ADT</CODE><NAME><![CDATA[Adult]]></NAME></TRAVELLER_TYPE><NUMBER>1</NUMBER><LIST_SEGMENT><SEGMENT_ID>1</SEGMENT_ID><BAGGAGE_ALLOWANCE>30K</BAGGAGE_ALLOWANCE><FARE_BASIS>W14JPW8</FARE_BASIS></LIST_SEGMENT><LIST_TRAVELLER_PRICE><AMOUNT>60660.00</AMOUNT><AMOUNT_WITHOUT_TAX>57000.00</AMOUNT_WITHOUT_TAX><TAX>3660.00</TAX><CURRENCY><CODE>JPY</CODE><NAME><![CDATA[Japanese Yen]]></NAME></CURRENCY><LIST_TAX><TAX_STATUS>S</TAX_STATUS><CODE>OI</CODE><VALUE>530.00</VALUE></LIST_TAX><LIST_TAX><TAX_STATUS>S</TAX_STATUS><CODE>SW</CODE><VALUE>2130.00</VALUE></LIST_TAX><LIST_TAX><TAX_STATUS>S</TAX_STATUS><CODE>TK</CODE><VALUE>1000.00</VALUE></LIST_TAX><TOTAL_AMOUNT>60660.00</TOTAL_AMOUNT></LIST_TRAVELLER_PRICE><LIST_TRAVELLER_TYPE_PRICE><AMOUNT>60660.00</AMOUNT><AMOUNT_WITHOUT_TAX>57000.00</AMOUNT_WITHOUT_TAX><TAX>3660.00</TAX><CURRENCY><CODE>JPY</CODE><NAME><![CDATA[Japanese Yen]]></NAME></CURRENCY><LIST_TAX><TAX_STATUS>S</TAX_STATUS><CODE>OI</CODE><VALUE>530.00</VALUE></LIST_TAX><LIST_TAX><TAX_STATUS>S</TAX_STATUS><CODE>SW</CODE><VALUE>2130.00</VALUE></LIST_TAX><LIST_TAX><TAX_STATUS>S</TAX_STATUS><CODE>TK</CODE><VALUE>1000.00</VALUE></LIST_TAX><TOTAL_AMOUNT>60660.00</TOTAL_AMOUNT></LIST_TRAVELLER_TYPE_PRICE><FARE_TYPE><CODE>RN</CODE><NAME><![CDATA[Negotiated]]></NAME></FARE_TYPE></LIST_TRAVELLER_TYPE><FARE_COMMAND>218</FARE_COMMAND><LIST_FARE_HOST_COMMAND><FARE_HOST_COMMAND><![CDATA[FXP/R,UP,TYO.TYO/A-W14JPW8/S2]]></FARE_HOST_COMMAND></LIST_FARE_HOST_COMMAND><LIST_RBD><RBD>W</RBD><SEGMENT_ID>1</SEGMENT_ID><STATUS><CODE>HK</CODE><NAME><![CDATA[Confirmed]]></NAME></STATUS><LINE_NUMBER>2</LINE_NUMBER><SEGMENT_TATTOO>1</SEGMENT_TATTOO><AIRLINE_REC_LOC>6EUVWI</AIRLINE_REC_LOC><IS_RECONFIRMABLE>true</IS_RECONFIRMABLE><IS_RECONF_NOT_RECONF>false</IS_RECONF_NOT_RECONF></LIST_RBD><LIST_PNR_PRICE><AMOUNT>60660.00</AMOUNT><AMOUNT_WITHOUT_TAX>57000.00</AMOUNT_WITHOUT_TAX><TAX>3660.00</TAX><CURRENCY><CODE>JPY</CODE><NAME><![CDATA[Japanese Yen]]></NAME></CURRENCY><TOTAL_AMOUNT>60660.00</TOTAL_AMOUNT></LIST_PNR_PRICE></FARE_ELEMENT><IS_TEST_PNR_ON_PRODUCTION>false</IS_TEST_PNR_ON_PRODUCTION><CREATION_DATE code='2021-05-17T14:54:00'><![CDATA[Monday, May 17, 2021]]></CREATION_DATE><EXPIRE_DATE code='2021-06-30T00:00:00'><![CDATA[Wednesday, June 30, 2021]]></EXPIRE_DATE><EXPIRE_DATE_GMT code='2021-06-29T15:00:00'><![CDATA[Tuesday, June 29, 2021]]></EXPIRE_DATE_GMT><BS><CODE>Q</CODE><NAME><![CDATA[Confirmed]]></NAME></BS><END_TRANSACT_DATE><![CDATA[Sun Jun 27 02:11:00 GMT 2021]]></END_TRANSACT_DATE><CABIN>M</CABIN><CREATION_MODE>20</CREATION_MODE><TRIP_TYPE>O</TRIP_TYPE><LIST_TRAVELLER_INFORMATION><TYPE>TRAVELLER_INFORMATION</TYPE><TRAVELLER_ID>1</TRAVELLER_ID><TRAVELLER_TYPE><CODE><![CDATA[ADT]]></CODE><NAME><![CDATA[Adult]]></NAME></TRAVELLER_TYPE><ELEMENT_NUMBER>1</ELEMENT_NUMBER><PNR_TYPE>PR</PNR_TYPE><USER_AUTHENTIFICATION><USER_ID><![CDATA[E3XK02YUAA]]></USER_ID><RECORD_LOCATOR><![CDATA[NBW1WV]]></RECORD_LOCATOR></USER_AUTHENTIFICATION><CORPORATE_INFORMATION><ADMINISTRATIVE_INFORMATION><LIST_COST_CENTER><COST_CENTER_ID>0</COST_CENTER_ID></LIST_COST_CENTER></ADMINISTRATIVE_INFORMATION><PERMISSION><PNR_MODIFICATION>true</PNR_MODIFICATION></PERMISSION></CORPORATE_INFORMATION><IDENTITY_INFORMATION><FIRST_NAME><![CDATA[Masahiko]]></FIRST_NAME><LAST_NAME><![CDATA[Hongo]]></LAST_NAME><NATIONALITY enabled='N' mandatory='N'></NATIONALITY><LIST_CONTACT_POINT><DESCRIPTION><![CDATA[81-09077704267]]></DESCRIPTION><CONTACT_POINT><CODE>M1</CODE><NAME><![CDATA[Mobile Phone 1]]></NAME></CONTACT_POINT></LIST_CONTACT_POINT><LIST_CONTACT_POINT><DESCRIPTION><![CDATA[masahiko.hongo@gmail.com]]></DESCRIPTION><CONTACT_POINT><CODE>E1</CODE><NAME><![CDATA[E-mail 1]]></NAME></CONTACT_POINT></LIST_CONTACT_POINT><LIST_CONTACT_POINT_PASSENGER><DESCRIPTION><![CDATA[81-09077704267]]></DESCRIPTION><CONTACT_POINT><CODE>M1</CODE><NAME><![CDATA[Mobile Phone 1]]></NAME></CONTACT_POINT></LIST_CONTACT_POINT_PASSENGER><LIST_CONTACT_POINT_PASSENGER><DESCRIPTION><![CDATA[masahiko.hongo@gmail.com]]></DESCRIPTION><CONTACT_POINT><CODE>E1</CODE><NAME><![CDATA[E-mail 1]]></NAME></CONTACT_POINT></LIST_CONTACT_POINT_PASSENGER><TITLE><CODE>Mr</CODE><NAME><![CDATA[Mr]]></NAME></TITLE><LIST_IDENTITY_DOCUMENT><IDENTITY_DOCUMENT_ID><![CDATA[PSPT_BK_GLOBAL_DEFAULT_1]]></IDENTITY_DOCUMENT_ID><DOCUMENT_TYPE enabled='Y' mandatory='Y' PSPTRequirement='MANDATORY' IDENRequirement='DISABLED' NATNRequirement='DISABLED' optionalRequirement='DISABLED'></DOCUMENT_TYPE><DOCUMENT_NUMBER enabled='Y' mandatory='N' PSPTRequirement='OPTIONAL' IDENRequirement='DISABLED' NATNRequirement='DISABLED' optionalRequirement='DISABLED'></DOCUMENT_NUMBER><ISSUING_COUNTRY enabled='Y' mandatory='N' PSPTRequirement='OPTIONAL' IDENRequirement='DISABLED' NATNRequirement='DISABLED' optionalRequirement='DISABLED'></ISSUING_COUNTRY><NATIONALITY enabled='Y' mandatory='N' PSPTRequirement='OPTIONAL' IDENRequirement='DISABLED' NATNRequirement='DISABLED' optionalRequirement='DISABLED'></NATIONALITY><DATE_OF_BIRTH enabled='Y' mandatory='Y' PSPTRequirement='MANDATORY' IDENRequirement='DISABLED' NATNRequirement='DISABLED' optionalRequirement='DISABLED'></DATE_OF_BIRTH><GENDER enabled='Y' mandatory='Y' PSPTRequirement='MANDATORY' IDENRequirement='DISABLED' NATNRequirement='DISABLED' optionalRequirement='DISABLED'></GENDER><EXPIRY_DATE enabled='Y' mandatory='N' PSPTRequirement='OPTIONAL' IDENRequirement='DISABLED' NATNRequirement='DISABLED' optionalRequirement='DISABLED'></EXPIRY_DATE><FIRST_NAME enabled='Y' mandatory='Y' PSPTRequirement='MANDATORY' IDENRequirement='DISABLED' NATNRequirement='DISABLED' optionalRequirement='DISABLED'></FIRST_NAME><LAST_NAME enabled='Y' mandatory='Y' PSPTRequirement='MANDATORY' IDENRequirement='DISABLED' NATNRequirement='DISABLED' optionalRequirement='DISABLED'></LAST_NAME><MIDDLE_NAME enabled='Y' mandatory='N' PSPTRequirement='OPTIONAL' IDENRequirement='DISABLED' NATNRequirement='DISABLED' optionalRequirement='DISABLED'></MIDDLE_NAME><IS_PASSPORT_HOLDER enabled='N' mandatory='N' PSPTRequirement='DISABLED' IDENRequirement='DISABLED' NATNRequirement='DISABLED' optionalRequirement='DISABLED'></IS_PASSPORT_HOLDER><CATEGORY><![CDATA[PSPT]]></CATEGORY><SEQNO><![CDATA[GLOBAL_DEFAULT_1]]></SEQNO><SCOPE><![CDATA[BK]]></SCOPE></LIST_IDENTITY_DOCUMENT><LIST_IDENTITY_DOCUMENT><IDENTITY_DOCUMENT_ID><![CDATA[KNWT_BK_GLOBAL_DEFAULT_1]]></IDENTITY_DOCUMENT_ID><DOCUMENT_TYPE enabled='Y' mandatory='Y' optionalRequirement='DISABLED'></DOCUMENT_TYPE><DOCUMENT_NUMBER enabled='Y' mandatory='Y' optionalRequirement='DISABLED'></DOCUMENT_NUMBER><APPLICABLE_COUNTRY enabled='Y' mandatory='N' optionalRequirement='DISABLED'></APPLICABLE_COUNTRY><CATEGORY><![CDATA[KNWT]]></CATEGORY><SEQNO><![CDATA[GLOBAL_DEFAULT_1]]></SEQNO><SCOPE><![CDATA[BK]]></SCOPE></LIST_IDENTITY_DOCUMENT><LIST_IDENTITY_DOCUMENT><IDENTITY_DOCUMENT_ID><![CDATA[VISA_BK_GLOBAL_DEFAULT_2]]></IDENTITY_DOCUMENT_ID><DOCUMENT_TYPE enabled='Y' mandatory='Y' optionalRequirement='DISABLED'></DOCUMENT_TYPE><DOCUMENT_NUMBER enabled='Y' mandatory='Y' optionalRequirement='DISABLED'></DOCUMENT_NUMBER><PLACE_OF_ISSUING enabled='Y' mandatory='Y' optionalRequirement='DISABLED'></PLACE_OF_ISSUING><ISSUE_DATE enabled='Y' mandatory='Y' optionalRequirement='DISABLED'></ISSUE_DATE><APPLICABLE_COUNTRY enabled='Y' mandatory='Y' optionalRequirement='DISABLED'></APPLICABLE_COUNTRY><PLACE_OF_BIRTH enabled='Y' mandatory='N' optionalRequirement='DISABLED'></PLACE_OF_BIRTH><CATEGORY><![CDATA[VISA]]></CATEGORY><SEQNO><![CDATA[GLOBAL_DEFAULT_2]]></SEQNO><SCOPE><![CDATA[BK]]></SCOPE></LIST_IDENTITY_DOCUMENT><LIST_IDENTITY_DOCUMENT><IDENTITY_DOCUMENT_ID><![CDATA[REDN_BK_GLOBAL_DEFAULT_3]]></IDENTITY_DOCUMENT_ID><DOCUMENT_TYPE enabled='Y' mandatory='Y' optionalRequirement='DISABLED'></DOCUMENT_TYPE><DOCUMENT_NUMBER enabled='Y' mandatory='Y' optionalRequirement='DISABLED'></DOCUMENT_NUMBER><APPLICABLE_COUNTRY enabled='Y' mandatory='N' optionalRequirement='DISABLED'></APPLICABLE_COUNTRY><CATEGORY><![CDATA[REDN]]></CATEGORY><SEQNO><![CDATA[GLOBAL_DEFAULT_3]]></SEQNO><SCOPE><![CDATA[BK]]></SCOPE></LIST_IDENTITY_DOCUMENT><APIS><LIST_PRIMARY_TRAVEL_DOCUMENTS><TARGET><TYPE><![CDATA[GLOBAL]]></TYPE><VALUE><![CDATA[DEFAULT]]></VALUE></TARGET><INDEX><![CDATA[1]]></INDEX><STRUCTURE_ID enabled='Y' mandatory='N' PSPTRequirement='OPTIONAL' IDENRequirement='DISABLED' NATNRequirement='DISABLED'><![CDATA[PSPT_BK_GLOBAL_DEFAULT_1]]></STRUCTURE_ID><APIS_ENTRY_ID><![CDATA[GLOBAL_DEFAULT_1]]></APIS_ENTRY_ID></LIST_PRIMARY_TRAVEL_DOCUMENTS><LIST_SECONDARY_TRAVEL_DOCUMENTS><TARGET><TYPE><![CDATA[GLOBAL]]></TYPE><VALUE><![CDATA[DEFAULT]]></VALUE></TARGET><INDEX><![CDATA[1]]></INDEX><STRUCTURE_ID enabled='Y' mandatory='N'><![CDATA[KNWT_BK_GLOBAL_DEFAULT_1]]></STRUCTURE_ID><APIS_ENTRY_ID><![CDATA[GLOBAL_DEFAULT_1]]></APIS_ENTRY_ID></LIST_SECONDARY_TRAVEL_DOCUMENTS><LIST_SECONDARY_TRAVEL_DOCUMENTS><TARGET><TYPE><![CDATA[GLOBAL]]></TYPE><VALUE><![CDATA[DEFAULT]]></VALUE></TARGET><INDEX><![CDATA[2]]></INDEX><STRUCTURE_ID enabled='Y' mandatory='N'><![CDATA[VISA_BK_GLOBAL_DEFAULT_2]]></STRUCTURE_ID><APIS_ENTRY_ID><![CDATA[GLOBAL_DEFAULT_2]]></APIS_ENTRY_ID></LIST_SECONDARY_TRAVEL_DOCUMENTS><LIST_SECONDARY_TRAVEL_DOCUMENTS><TARGET><TYPE><![CDATA[GLOBAL]]></TYPE><VALUE><![CDATA[DEFAULT]]></VALUE></TARGET><INDEX><![CDATA[3]]></INDEX><STRUCTURE_ID enabled='Y' mandatory='N'><![CDATA[REDN_BK_GLOBAL_DEFAULT_3]]></STRUCTURE_ID><APIS_ENTRY_ID><![CDATA[GLOBAL_DEFAULT_3]]></APIS_ENTRY_ID></LIST_SECONDARY_TRAVEL_DOCUMENTS><LIST_RESIDENCE_ADDRESSES><TARGET><TYPE><![CDATA[GLOBAL]]></TYPE><VALUE><![CDATA[DEFAULT]]></VALUE></TARGET><INDEX><![CDATA[1]]></INDEX><STRUCTURE_ID enabled='Y' mandatory='N'><![CDATA[APIS_RES_BK_GLOBAL_DEFAULT_1]]></STRUCTURE_ID><APIS_ENTRY_ID><![CDATA[GLOBAL_DEFAULT_1]]></APIS_ENTRY_ID></LIST_RESIDENCE_ADDRESSES><LIST_DESTINATION_ADDRESSES><TARGET><TYPE><![CDATA[ELEMENT]]></TYPE><VALUE><![CDATA[1]]></VALUE></TARGET><INDEX><![CDATA[1]]></INDEX><STRUCTURE_ID enabled='Y' mandatory='N'><![CDATA[APIS_BK_ELEMENT_1_1]]></STRUCTURE_ID><APIS_ENTRY_ID><![CDATA[ELEMENT_1_1]]></APIS_ENTRY_ID></LIST_DESTINATION_ADDRESSES></APIS></IDENTITY_INFORMATION><LIST_PREFERENCES><AIR_PREFERENCES><MEAL><CODE>STRD</CODE><NAME><![CDATA[No special meal]]></NAME></MEAL><LIST_FREQUENT_FLYER isValid='true'><COMPANY_ACCOUNT_ID>1</COMPANY_ACCOUNT_ID><ACCOUNT_NUMBER>XXXX-XX97-57</ACCOUNT_NUMBER><ACCOUNT_LEVEL><![CDATA[ACH]]></ACCOUNT_LEVEL><PRIORITY_CODE><![CDATA[7]]></PRIORITY_CODE><COMPANY><CODE><![CDATA[NH]]></CODE><NAME><![CDATA[All Nippon Airways]]></NAME></COMPANY><RETRIEVED_FROM><![CDATA[FQTV]]></RETRIEVED_FROM></LIST_FREQUENT_FLYER><LIST_MILES_ACCOUNT><MILES_ACCOUNT_ID>1</MILES_ACCOUNT_ID><FREQUENT_FLYER_ID>1</FREQUENT_FLYER_ID><LIST_STATUS><STATUS_ID>1</STATUS_ID><COMPANY><CODE><![CDATA[SQ]]></CODE></COMPANY><STATUS>HK</STATUS><IS_VALIDATED>true</IS_VALIDATED></LIST_STATUS></LIST_MILES_ACCOUNT></AIR_PREFERENCES></LIST_PREFERENCES><LIST_PREFERENCES><SEGMENT_ID>1</SEGMENT_ID><AIR_PREFERENCES><LIST_SEAT_CHARACTERISTIC><CODE>E</CODE></LIST_SEAT_CHARACTERISTIC><LIST_SEAT_CHARACTERISTIC><CODE>CH</CODE></LIST_SEAT_CHARACTERISTIC><LIST_SEAT_CHARACTERISTIC><CODE>A</CODE></LIST_SEAT_CHARACTERISTIC><LIST_SEAT_CHARACTERISTIC><CODE>L</CODE></LIST_SEAT_CHARACTERISTIC><LIST_SEAT_CHARACTERISTIC><CODE>N</CODE></LIST_SEAT_CHARACTERISTIC><SEAT_ASSIGNMENT><![CDATA[58H]]></SEAT_ASSIGNMENT><SEAT_STATUS><CODE>HK</CODE><NAME><![CDATA[Confirmed]]></NAME></SEAT_STATUS><MEAL><CODE>STRD</CODE><NAME><![CDATA[No special meal]]></NAME></MEAL></AIR_PREFERENCES></LIST_PREFERENCES><LIST_FHFA><SEGMENT_ID>1</SEGMENT_ID><AIRLINE><CODE>SQ</CODE></AIRLINE><FLIGHT_NUMBER>637</FLIGHT_NUMBER></LIST_FHFA><LIST_ADDITIONAL_INFORMATION><COMPLEX_ID><![CDATA[AIR-1]]></COMPLEX_ID><SEGMENT_ID>1</SEGMENT_ID><PRODUCT_TYPE><![CDATA[AIR]]></PRODUCT_TYPE><LIST_SERVICE><SERVICE_ID><![CDATA[PSW1_1]]></SERVICE_ID><INDEX>1</INDEX><TYPE><CODE><![CDATA[PSW1]]></CODE></TYPE><NUMBER>1</NUMBER><PROPERTIES><LIST_PROPERTY><CODE><![CDATA[NUMBER]]></CODE><LIST_PARAMETER><CODE><![CDATA[VALUE]]></CODE><VALUE><![CDATA[1]]></VALUE></LIST_PARAMETER></LIST_PROPERTY></PROPERTIES><STATUS><CODE><![CDATA[KO]]></CODE></STATUS></LIST_SERVICE></LIST_ADDITIONAL_INFORMATION><TATOO>2</TATOO><LIST_ADDRESS_INFORMATION><ADDRESS_ID><![CDATA[DELIV_1]]></ADDRESS_ID><NAME><![CDATA[MASAHIKO HONGO]]></NAME><FIRST_ADDRESS_LINE><![CDATA[205 4 45 5 Tokura]]></FIRST_ADDRESS_LINE><ZIP_CODE><![CDATA[1850003]]></ZIP_CODE><CITY><![CDATA[Kokubunji]]></CITY><COUNTRY><![CDATA[JP]]></COUNTRY></LIST_ADDRESS_INFORMATION><LIST_ADDRESS_INFORMATION><ADDRESS_ID enabled='Y'><![CDATA[APIS_RES_BK_GLOBAL_DEFAULT_1]]></ADDRESS_ID><FIRST_ADDRESS_LINE enabled='Y' mandatory='N' optionalRequirement='DISABLED'></FIRST_ADDRESS_LINE><ZIP_CODE enabled='Y' mandatory='N' optionalRequirement='DISABLED'></ZIP_CODE><CITY enabled='Y' mandatory='N' optionalRequirement='DISABLED'></CITY><STATE enabled='Y' mandatory='N' optionalRequirement='DISABLED'></STATE><COUNTRY enabled='Y' mandatory='N' optionalRequirement='DISABLED'></COUNTRY></LIST_ADDRESS_INFORMATION><LIST_ADDRESS_INFORMATION><ADDRESS_ID enabled='Y'><![CDATA[APIS_BK_ELEMENT_1_1]]></ADDRESS_ID><FIRST_ADDRESS_LINE enabled='Y' mandatory='N' optionalRequirement='DISABLED'></FIRST_ADDRESS_LINE><ZIP_CODE enabled='Y' mandatory='N' optionalRequirement='DISABLED'></ZIP_CODE><CITY enabled='Y' mandatory='N' optionalRequirement='DISABLED'></CITY><STATE enabled='Y' mandatory='N' optionalRequirement='DISABLED'></STATE><COUNTRY enabled='Y' mandatory='N' optionalRequirement='DISABLED'></COUNTRY></LIST_ADDRESS_INFORMATION><LIST_CREDIT_CARD_INFORMATION><CREDIT_CARD_ID><![CDATA[AIR_1]]></CREDIT_CARD_ID><OWNER_NAME><![CDATA[MASAHIKO HONGO]]></OWNER_NAME><ACCOUNT_NUMBER>XXXX-XXXX-XXXX-1209</ACCOUNT_NUMBER><EXPIRY_DATE code='2022-10-31T23:59:59'><![CDATA[Monday, October 31, 2022]]></EXPIRY_DATE><COMPANY><CODE><![CDATA[VI]]></CODE></COMPANY></LIST_CREDIT_CARD_INFORMATION><LIST_CREDIT_CARD_INFORMATION><ADDRESS_ID><![CDATA[DELIV_1]]></ADDRESS_ID><CREDIT_CARD_ID><![CDATA[CC_1]]></CREDIT_CARD_ID><OWNER_NAME><![CDATA[MASAHIKO HONGO]]></OWNER_NAME><ACCOUNT_NUMBER>XXXX-XXXX-XXXX-1209</ACCOUNT_NUMBER><EXPIRY_DATE code='2022-10-31T23:59:00'><![CDATA[Monday, October 31, 2022]]></EXPIRY_DATE><COMPANY><CODE><![CDATA[VI]]></CODE></COMPANY><DIGIT_CODE><![CDATA[XXX]]></DIGIT_CODE></LIST_CREDIT_CARD_INFORMATION><LIST_GOVERNMENT_PAYMENT_INFORMATION><GOVERNMENT_PAYMENT_ID><![CDATA[AIR_1]]></GOVERNMENT_PAYMENT_ID></LIST_GOVERNMENT_PAYMENT_INFORMATION><LIST_PAYMENT_INFORMATION><TYPE><![CDATA[AIR]]></TYPE><CREDIT_CARD_ID><![CDATA[CC_1]]></CREDIT_CARD_ID><PAYMENT_TYPE><CODE><![CDATA[CC]]></CODE></PAYMENT_TYPE></LIST_PAYMENT_INFORMATION><LIST_DELIVERY_INFORMATION><DELIVERY_TYPE><CODE>ETCKT</CODE><NAME><![CDATA[Electronic Ticketing]]></NAME></DELIVERY_TYPE><TYPE><![CDATA[AIR]]></TYPE></LIST_DELIVERY_INFORMATION></LIST_TRAVELLER_INFORMATION><IS_ON_WAITLIST>false</IS_ON_WAITLIST><GDS>1A</GDS><PNR_ID>1</PNR_ID><EXTERNAL_DEPENDENCIES><IS_MAIN_PNR>true</IS_MAIN_PNR><IS_OTHER_PNR>false</IS_OTHER_PNR><IS_THIRD_PNR>false</IS_THIRD_PNR><DATABASE_PNR_ID>3892182</DATABASE_PNR_ID><DATABASE_SRV_ID><![CDATA[S]]></DATABASE_SRV_ID><IS_RECORD_IN_SESSION>false</IS_RECORD_IN_SESSION></EXTERNAL_DEPENDENCIES><LIST_PNR_PRICE><AMOUNT>60660.00</AMOUNT><CURRENCY><CODE>JPY</CODE><NAME><![CDATA[Japanese Yen]]></NAME></CURRENCY><TOTAL_AMOUNT>60660.00</TOTAL_AMOUNT></LIST_PNR_PRICE><LIST_MISC_DOCUMENT><MISC_DOCUMENT_NUMBER><![CDATA[44]]></MISC_DOCUMENT_NUMBER><TICKET_NUMBER>618-4561500393</TICKET_NUMBER><MISC_DOCUMENT_TYPE><![CDATA[P]]></MISC_DOCUMENT_TYPE><GDS_STATUS><![CDATA[1]]></GDS_STATUS><BE_STATUS><![CDATA[1]]></BE_STATUS><TRAVELLER_TYPE><CODE>ADT</CODE></TRAVELLER_TYPE><LIST_TRAVELLER><TRAVELLER_ID>1</TRAVELLER_ID></LIST_TRAVELLER><LIST_SEGMENT_ID>1</LIST_SEGMENT_ID><LIST_SSR_TATTOO>41</LIST_SSR_TATTOO><LIST_MISC_DOCUMENT_PRICE><AMOUNT>6660.00</AMOUNT><CURRENCY><CODE>JPY</CODE></CURRENCY></LIST_MISC_DOCUMENT_PRICE><ISSUANCE_MODE><![CDATA[0]]></ISSUANCE_MODE></LIST_MISC_DOCUMENT><LIST_MISC_PRICING_RECORD><TSM_ID><![CDATA[44]]></TSM_ID><TRAVELLER><TYPE><![CDATA[PAX]]></TYPE><ID><![CDATA[1]]></ID></TRAVELLER><GENERAL><RFIC><CODE><![CDATA[A]]></CODE></RFIC><PC_FLAG><![CDATA[false]]></PC_FLAG><IS_TICKETED><![CDATA[false]]></IS_TICKETED><IS_DELETED><![CDATA[false]]></IS_DELETED><IS_INITIAL><![CDATA[false]]></IS_INITIAL><IS_ISSUANCE_REQUIRED><![CDATA[true]]></IS_ISSUANCE_REQUIRED></GENERAL><FARE><TOTAL_FARE><VALUE><![CDATA[6660]]></VALUE><CURRENCY><![CDATA[JPY]]></CURRENCY></TOTAL_FARE><ISSUE_IDENTIFIER><![CDATA[F]]></ISSUE_IDENTIFIER></FARE><LIST_COUPON><SERVICE><TYPE><![CDATA[SPECIAL_SERVICE_REQUEST]]></TYPE><CODE><![CDATA[RQST]]></CODE><SSR_TATTOO>41</SSR_TATTOO></SERVICE></LIST_COUPON></LIST_MISC_PRICING_RECORD><LIST_EXPIRE_DATE><TYPE><![CDATA[OFFICE_CITY]]></TYPE><CITY_REFERENCE><![CDATA[TYO]]></CITY_REFERENCE><DATE><![CDATA[Wed Jun 30 00:00:00 GMT 2021]]></DATE></LIST_EXPIRE_DATE><LIST_EXPIRE_DATE><TYPE><![CDATA[DEP_CITY]]></TYPE><CITY_REFERENCE><![CDATA[TYO]]></CITY_REFERENCE><DATE><![CDATA[Wed Jun 30 00:00:00 GMT 2021]]></DATE></LIST_EXPIRE_DATE><LIST_TICKETING_ELEMENT><ARRANGEMENT>OK</ARRANGEMENT><DATE code='2021-06-27T00:00:00'><![CDATA[Sunday, June 27, 2021]]></DATE><TICKETING_OFFICE>TYOSQ08AA</TICKETING_OFFICE></LIST_TICKETING_ELEMENT><PNR_IN_MODIFICATION>false</PNR_IN_MODIFICATION><IS_READ_ONLY_PNR>false</IS_READ_ONLY_PNR></PNR><AIR><TYPE><![CDATA[AIR]]></TYPE><FULFILLING_AIRLINE><CODE>SQ</CODE><NAME><![CDATA[Singapore Airlines]]></NAME></FULFILLING_AIRLINE><LIST_COMMERCIAL_FARE_FAMILY><CODE>CECO1</CODE><PANEL_TYPE>A</PANEL_TYPE><SET_INDEX>0</SET_INDEX></LIST_COMMERCIAL_FARE_FAMILY><LIST_PNR><LIST_TRAVELLER_TYPE><LIST_TRAVELLER><HAS_INFANT>false</HAS_INFANT><IS_PRIMARY_TRAVELLER>true</IS_PRIMARY_TRAVELLER><TRAVELLER_ID>1</TRAVELLER_ID><ORIGINAL_TICKET><GENERAL_DATA><TST_NUMBER><![CDATA[1]]></TST_NUMBER><ORIGIN><![CDATA[TYO]]></ORIGIN><DESTINATION><![CDATA[SIN]]></DESTINATION><MANUAL_AUTOMATIC_FLAG><![CDATA[F]]></MANUAL_AUTOMATIC_FLAG><LAST_TKT_DATE><![CDATA[2021 07 04 00:00]]></LAST_TKT_DATE><FCMI><![CDATA[N]]></FCMI><MODIFICATION_INFO><DATE code='2021-05-17T00:00:00'><![CDATA[Monday, May 17, 2021]]></DATE><AGENT><![CDATA[AA]]></AGENT><OFFICE_ID><![CDATA[TYOSQ08AA]]></OFFICE_ID></MODIFICATION_INFO><IS_INTERNATIONAL><![CDATA[true]]></IS_INTERNATIONAL><IS_CHANGE_FLAG><![CDATA[false]]></IS_CHANGE_FLAG><IS_CONFIDENTIAL><![CDATA[false]]></IS_CONFIDENTIAL><TICKET_TYPE><![CDATA[E]]></TICKET_TYPE></GENERAL_DATA><FARE_DATA><FARE_CALCULATION><![CDATA[TYO SQ SIN517.73NUC517.73END ROE110.094462]]></FARE_CALCULATION><BASE_FARE><![CDATA[57000]]></BASE_FARE><BASE_CURRENCY_CODE><![CDATA[JPY]]></BASE_CURRENCY_CODE><TOTAL_AMOUNT><![CDATA[60660]]></TOTAL_AMOUNT><CURRENCY_CODE><![CDATA[JPY]]></CURRENCY_CODE><AMOUNT_TYPE><![CDATA[STANDARD]]></AMOUNT_TYPE><ISSUE_IDENTIFIER><![CDATA[F]]></ISSUE_IDENTIFIER><INVOLUNTARY_REISSUE_INDICATOR><![CDATA[false]]></INVOLUNTARY_REISSUE_INDICATOR><LIST_TAX><TAX_CODE>OISE</TAX_CODE><TAX_AMOUNT><![CDATA[530]]></TAX_AMOUNT><CURRENCY_CODE><![CDATA[JPY]]></CURRENCY_CODE><TYPE><![CDATA[X]]></TYPE></LIST_TAX><LIST_TAX><TAX_CODE>SWAE</TAX_CODE><TAX_AMOUNT><![CDATA[2130]]></TAX_AMOUNT><CURRENCY_CODE><![CDATA[JPY]]></CURRENCY_CODE><TYPE><![CDATA[X]]></TYPE></LIST_TAX><LIST_TAX><TAX_CODE>TKVC</TAX_CODE><TAX_AMOUNT><![CDATA[1000]]></TAX_AMOUNT><CURRENCY_CODE><![CDATA[JPY]]></CURRENCY_CODE><TYPE><![CDATA[X]]></TYPE></LIST_TAX><LIST_SEGMENT><PRIMARY_CODE><![CDATA[W14]]></PRIMARY_CODE><FARE_BASIS><![CDATA[W14JPW8]]></FARE_BASIS><BAGGAGE_ALLOWANCE><![CDATA[30K]]></BAGGAGE_ALLOWANCE><SEGMENT_ID><![CDATA[1]]></SEGMENT_ID></LIST_SEGMENT><GRAND_TOTAL_AMOUNT><![CDATA[60660]]></GRAND_TOTAL_AMOUNT></FARE_DATA><PNR_DATA><PASSENGERS><TYPE><![CDATA[PAX]]></TYPE><NUMBER><![CDATA[2]]></NUMBER><IS_TICKETED><![CDATA[true]]></IS_TICKETED></PASSENGERS><ENDORSEMENT><![CDATA[VALID SQ/MI.CHNG FEE APPLYREFUND FEE APPLY NO SHOW FEE APPLY]]></ENDORSEMENT><VALIDATING_CARRIER><![CDATA[SQ]]></VALIDATING_CARRIER></PNR_DATA></ORIGINAL_TICKET></LIST_TRAVELLER><TRAVELLER_TYPE><CODE>ADT</CODE><NAME><![CDATA[Adult]]></NAME></TRAVELLER_TYPE><NUMBER>1</NUMBER><LIST_SEGMENT><SEGMENT_ID>1</SEGMENT_ID><BAGGAGE_ALLOWANCE>30K</BAGGAGE_ALLOWANCE><FARE_BASIS>W14JPW8</FARE_BASIS></LIST_SEGMENT><LIST_TRAVELLER_PRICE><AMOUNT>60660.00</AMOUNT><AMOUNT_WITHOUT_TAX>57000.00</AMOUNT_WITHOUT_TAX><TAX>3660.00</TAX><CURRENCY><CODE>JPY</CODE><NAME><![CDATA[Japanese Yen]]></NAME></CURRENCY><LIST_TAX><TAX_STATUS>S</TAX_STATUS><CODE>OI</CODE><VALUE>530.00</VALUE></LIST_TAX><LIST_TAX><TAX_STATUS>S</TAX_STATUS><CODE>SW</CODE><VALUE>2130.00</VALUE></LIST_TAX><LIST_TAX><TAX_STATUS>S</TAX_STATUS><CODE>TK</CODE><VALUE>1000.00</VALUE></LIST_TAX><TOTAL_AMOUNT>60660.00</TOTAL_AMOUNT></LIST_TRAVELLER_PRICE><LIST_TRAVELLER_TYPE_PRICE><AMOUNT>60660.00</AMOUNT><AMOUNT_WITHOUT_TAX>57000.00</AMOUNT_WITHOUT_TAX><TAX>3660.00</TAX><CURRENCY><CODE>JPY</CODE><NAME><![CDATA[Japanese Yen]]></NAME></CURRENCY><LIST_TAX><TAX_STATUS>S</TAX_STATUS><CODE>OI</CODE><VALUE>530.00</VALUE></LIST_TAX><LIST_TAX><TAX_STATUS>S</TAX_STATUS><CODE>SW</CODE><VALUE>2130.00</VALUE></LIST_TAX><LIST_TAX><TAX_STATUS>S</TAX_STATUS><CODE>TK</CODE><VALUE>1000.00</VALUE></LIST_TAX><TOTAL_AMOUNT>60660.00</TOTAL_AMOUNT></LIST_TRAVELLER_TYPE_PRICE><FARE_TYPE><CODE>RN</CODE><NAME><![CDATA[Negotiated]]></NAME></FARE_TYPE></LIST_TRAVELLER_TYPE><FARE_COMMAND>218</FARE_COMMAND><LIST_FARE_HOST_COMMAND><FARE_HOST_COMMAND><![CDATA[FXP/R,UP,TYO.TYO/A-W14JPW8/S2]]></FARE_HOST_COMMAND></LIST_FARE_HOST_COMMAND><LIST_RBD><RBD>W</RBD><SEGMENT_ID>1</SEGMENT_ID><STATUS><CODE>HK</CODE><NAME><![CDATA[Confirmed]]></NAME></STATUS><LINE_NUMBER>2</LINE_NUMBER><SEGMENT_TATTOO>1</SEGMENT_TATTOO><AIRLINE_REC_LOC>6EUVWI</AIRLINE_REC_LOC><IS_RECONFIRMABLE>true</IS_RECONFIRMABLE><IS_RECONF_NOT_RECONF>false</IS_RECONF_NOT_RECONF></LIST_RBD><LIST_PNR_PRICE><AMOUNT>60660.00</AMOUNT><AMOUNT_WITHOUT_TAX>57000.00</AMOUNT_WITHOUT_TAX><TAX>3660.00</TAX><CURRENCY><CODE>JPY</CODE><NAME><![CDATA[Japanese Yen]]></NAME></CURRENCY><TOTAL_AMOUNT>60660.00</TOTAL_AMOUNT></LIST_PNR_PRICE></LIST_PNR><TICKETING_TIME_LIMIT code='2021-06-30T00:00:00'><![CDATA[Wednesday, June 30, 2021]]></TICKETING_TIME_LIMIT><TICKETING_TIME_LIMIT_GDS code='2021-05-17T00:00:00'><![CDATA[Monday, May 17, 2021]]></TICKETING_TIME_LIMIT_GDS><LIST_TRIP_PRICE><AMOUNT>60660.00</AMOUNT><AMOUNT_WITHOUT_TAX>57000.00</AMOUNT_WITHOUT_TAX><TAX>3660.00</TAX><CURRENCY><CODE>JPY</CODE><NAME><![CDATA[Japanese Yen]]></NAME></CURRENCY><TOTAL_AMOUNT>60660.00</TOTAL_AMOUNT></LIST_TRIP_PRICE><LIST_PRICE_INFO><FORMAT>0.00</FORMAT></LIST_PRICE_INFO><HIGHEST_FARE><LIST_TRIP_PRICE><AMOUNT>60660.00</AMOUNT><EXCHANGE_RATE>1.00</EXCHANGE_RATE><CURRENCY><CODE>JPY</CODE><NAME><![CDATA[Japanese Yen]]></NAME></CURRENCY></LIST_TRIP_PRICE></HIGHEST_FARE><LOWEST_FARE><LIST_TRIP_PRICE><AMOUNT>60660.00</AMOUNT><CURRENCY><CODE>JPY</CODE><NAME><![CDATA[Japanese Yen]]></NAME></CURRENCY></LIST_TRIP_PRICE><LOW_STR></LOW_STR></LOWEST_FARE><FLOW_SIGNATURE><TRANSACTION>2</TRANSACTION><INITIAL_PRODUCT>1</INITIAL_PRODUCT><BOOKING_TYPE>0</BOOKING_TYPE></FLOW_SIGNATURE><LIST_ITINERARY><TYPE><![CDATA[AIR]]></TYPE><ITEM_ID>1</ITEM_ID><ACTIVE_GDS><![CDATA[1A]]></ACTIVE_GDS><INITIAL_ELEMENT>true</INITIAL_ELEMENT><PERMISSIONS><IS_MODIFICATION_ALLOWED>false</IS_MODIFICATION_ALLOWED><IS_CANCELLATION_ALLOWED>false</IS_CANCELLATION_ALLOWED><IS_DATE_CHANGE_ONLY_ALLOWED>true</IS_DATE_CHANGE_ONLY_ALLOWED></PERMISSIONS><PNR_INFORMATION><PARENT_PNR_ID>1</PARENT_PNR_ID></PNR_INFORMATION><B_LOCATION><CITY_CODE>TYO</CITY_CODE><CITY_NAME><![CDATA[Tokyo]]></CITY_NAME><LOCATION_CODE>NRT</LOCATION_CODE><LOCATION_NAME><![CDATA[Narita International]]></LOCATION_NAME><COUNTRY_CODE>JP</COUNTRY_CODE><COUNTRY_NAME><![CDATA[Japan]]></COUNTRY_NAME></B_LOCATION><B_DATE code='2021-07-04T10:10:00'><![CDATA[Sunday, July 04, 2021]]></B_DATE><E_LOCATION><CITY_CODE>SIN</CITY_CODE><CITY_NAME><![CDATA[Singapore]]></CITY_NAME><LOCATION_CODE>SIN</LOCATION_CODE><LOCATION_NAME><![CDATA[Changi]]></LOCATION_NAME><COUNTRY_CODE>SG</COUNTRY_CODE><COUNTRY_NAME><![CDATA[Singapore]]></COUNTRY_NAME></E_LOCATION><E_DATE code='2021-07-04T16:20:00'><![CDATA[Sunday, July 04, 2021]]></E_DATE><CABIN>M</CABIN><ELEMENT_FARE_FAMILY><CODE>FF31JPN</CODE><NAME><![CDATA[No Name]]></NAME></ELEMENT_FARE_FAMILY><CREATION_MODE>20</CREATION_MODE><ALLOW_ELEMENT_MODIF>false</ALLOW_ELEMENT_MODIF><LIST_SEGMENT><SEGMENT_ID>1</SEGMENT_ID><LINE_NUMBER>2</LINE_NUMBER><SEGMENT_TATTOO>1</SEGMENT_TATTOO><E_LOCATION><CITY_CODE>SIN</CITY_CODE><CITY_NAME><![CDATA[Singapore]]></CITY_NAME><LOCATION_CODE>SIN</LOCATION_CODE><LOCATION_NAME><![CDATA[Changi]]></LOCATION_NAME><COUNTRY_CODE>SG</COUNTRY_CODE><COUNTRY_NAME><![CDATA[Singapore]]></COUNTRY_NAME></E_LOCATION><B_LOCATION><CITY_CODE>TYO</CITY_CODE><CITY_NAME><![CDATA[Tokyo]]></CITY_NAME><LOCATION_CODE>NRT</LOCATION_CODE><LOCATION_NAME><![CDATA[Narita International]]></LOCATION_NAME><COUNTRY_CODE>JP</COUNTRY_CODE><COUNTRY_NAME><![CDATA[Japan]]></COUNTRY_NAME></B_LOCATION><E_DATE code='2021-07-04T16:20:00'><![CDATA[Sunday, July 04, 2021]]></E_DATE><E_TIME><![CDATA[1620]]></E_TIME><B_DATE code='2021-07-04T10:10:00'><![CDATA[Sunday, July 04, 2021]]></B_DATE><B_TIME><![CDATA[1010]]></B_TIME><B_TERMINAL>1</B_TERMINAL><E_TERMINAL>0</E_TERMINAL><DAY_OF_WEEK>7</DAY_OF_WEEK><FLIGHT_NUMBER>637</FLIGHT_NUMBER><AIRLINE><CODE>SQ</CODE><NAME><![CDATA[Singapore Airlines]]></NAME></AIRLINE><E_TICKETING>true</E_TICKETING><IS_TICKETLESSACCESS>false</IS_TICKETLESSACCESS><NUMBER_OF_STOPS>0</NUMBER_OF_STOPS><FLIGHT_TIME>25800000</FLIGHT_TIME><STATUS>HK</STATUS><LIST_STATUS><STATUS>HK</STATUS></LIST_STATUS><LIST_MEAL><MEAL_CODE>M</MEAL_CODE><DESCRIPTION>MEAL (NONSPECIFIC)</DESCRIPTION></LIST_MEAL><SHUTTLE>false</SHUTTLE><EQUIPMENT><CODE>787</CODE><NAME><![CDATA[787 All Series Passenger]]></NAME></EQUIPMENT><FARE_FAMILY><CODE>FF31JPN</CODE><NAME>No Name</NAME></FARE_FAMILY><LIST_CABIN><CABIN>R</CABIN><STATUS>9</STATUS><WAITLISTED>false</WAITLISTED><LIST_RBD><RBD>W</RBD><STATUS>9</STATUS></LIST_RBD></LIST_CABIN><FLOWN_INDICATOR>false</FLOWN_INDICATOR><NB_SEATS>1</NB_SEATS><REC_LOC><![CDATA[6EUVWI]]></REC_LOC><HAS_GOVT_APPROVAL>true</HAS_GOVT_APPROVAL><IS_SEATMAP_AVAILABLE>true</IS_SEATMAP_AVAILABLE></LIST_SEGMENT><BOOL_FLOWN>false</BOOL_FLOWN></LIST_ITINERARY><IS_AIR_TICKETED>true</IS_AIR_TICKETED></AIR><ANCILLARY_SERVICES><TYPE><![CDATA[ANCILLARY_SERVICES]]></TYPE><LIST_TRIP_PRICE><INITIAL_AMOUNT>0.00</INITIAL_AMOUNT><BALANCED_AMOUNT>6660.00</BALANCED_AMOUNT><TOTAL_AMOUNT>6660.00</TOTAL_AMOUNT><CURRENCY><CODE>JPY</CODE><NAME><![CDATA[Japanese Yen]]></NAME></CURRENCY></LIST_TRIP_PRICE><LIST_SERVICE><SERVICE_ID>2</SERVICE_ID><SERVICE_CODE>PSW1</SERVICE_CODE><TRAVELLER_ID>1</TRAVELLER_ID><LIST_PARAMETER><CODE><![CDATA[NUMBER]]></CODE><INT_VALUE>1</INT_VALUE></LIST_PARAMETER><RFIC>F</RFIC><RFISC>PW1</RFISC><ASSOCIATION_ID>1</ASSOCIATION_ID><CHARGEABLE>true</CHARGEABLE><TRAVELLER_ASSOCIATED>true</TRAVELLER_ASSOCIATED><DISPLAYED_BY>ELE</DISPLAYED_BY><ERROR><NUMBER>1</NUMBER></ERROR><STATUS>3</STATUS></LIST_SERVICE><LIST_SERVICE><SERVICE_ID>3</SERVICE_ID><SERVICE_CODE>PSW1</SERVICE_CODE><TRAVELLER_ID>1</TRAVELLER_ID><LIST_PARAMETER><CODE><![CDATA[NUMBER]]></CODE><INT_VALUE>1</INT_VALUE></LIST_PARAMETER><ASSOCIATION_ID>1</ASSOCIATION_ID><CHARGEABLE>true</CHARGEABLE><TRAVELLER_ASSOCIATED>true</TRAVELLER_ASSOCIATED><DISPLAYED_BY>ELE</DISPLAYED_BY><ERROR><NUMBER>1</NUMBER></ERROR><STATUS>0</STATUS></LIST_SERVICE><LIST_SERVICE><SERVICE_ID>4</SERVICE_ID><SERVICE_CODE>SIT-</SERVICE_CODE><TRAVELLER_ID>1</TRAVELLER_ID><LIST_PARAMETER><CODE><![CDATA[SEAT_ASSIGNMENT]]></CODE><VALUE><![CDATA[58H]]></VALUE></LIST_PARAMETER><LIST_PARAMETER><CODE><![CDATA[SEAT_CHARACTERISTIC]]></CODE><LIST_VALUE><![CDATA[E]]></LIST_VALUE><LIST_VALUE><![CDATA[CH]]></LIST_VALUE><LIST_VALUE><![CDATA[A]]></LIST_VALUE><LIST_VALUE><![CDATA[L]]></LIST_VALUE><LIST_VALUE><![CDATA[N]]></LIST_VALUE></LIST_PARAMETER><SERVICE_NAME><![CDATA[Seat]]></SERVICE_NAME><SERVICE_DESCRIPTION>Seat</SERVICE_DESCRIPTION><ASSOCIATION_ID>1</ASSOCIATION_ID><LIST_SERVICE_PRICE><BALANCED_AMOUNT>6660.00</BALANCED_AMOUNT><TOTAL_AMOUNT>6660.00</TOTAL_AMOUNT><CURRENCY><CODE>JPY</CODE><NAME><![CDATA[Japanese Yen]]></NAME></CURRENCY></LIST_SERVICE_PRICE><CHARGEABLE>true</CHARGEABLE><TRAVELLER_ASSOCIATED>true</TRAVELLER_ASSOCIATED><DISPLAYED_BY>SEG</DISPLAYED_BY><STATUS>4</STATUS><QUOTA_BASED><![CDATA[false]]></QUOTA_BASED><LIST_SSR_ID><![CDATA[41]]></LIST_SSR_ID><LIST_MISC_DOCUMENT_NUMBER><![CDATA[44]]></LIST_MISC_DOCUMENT_NUMBER><LIST_TICKET_NUMBER><![CDATA[618-4561500393]]></LIST_TICKET_NUMBER></LIST_SERVICE></ANCILLARY_SERVICES><TRAVELLER_INFORMATION><TYPE>TRAVELLER_INFORMATION</TYPE><TRAVELLER_ID>1</TRAVELLER_ID><TRAVELLER_TYPE><CODE><![CDATA[ADT]]></CODE><NAME><![CDATA[Adult]]></NAME></TRAVELLER_TYPE><ELEMENT_NUMBER>1</ELEMENT_NUMBER><PNR_TYPE>PR</PNR_TYPE><USER_AUTHENTIFICATION><USER_ID><![CDATA[E3XK02YUAA]]></USER_ID><RECORD_LOCATOR><![CDATA[NBW1WV]]></RECORD_LOCATOR></USER_AUTHENTIFICATION><CORPORATE_INFORMATION><ADMINISTRATIVE_INFORMATION><LIST_COST_CENTER><COST_CENTER_ID>0</COST_CENTER_ID></LIST_COST_CENTER></ADMINISTRATIVE_INFORMATION><PERMISSION><PNR_MODIFICATION>true</PNR_MODIFICATION></PERMISSION></CORPORATE_INFORMATION><IDENTITY_INFORMATION><FIRST_NAME><![CDATA[Masahiko]]></FIRST_NAME><LAST_NAME><![CDATA[Hongo]]></LAST_NAME><NATIONALITY enabled='N' mandatory='N'></NATIONALITY><LIST_CONTACT_POINT><DESCRIPTION><![CDATA[81-09077704267]]></DESCRIPTION><CONTACT_POINT><CODE>M1</CODE><NAME><![CDATA[Mobile Phone 1]]></NAME></CONTACT_POINT></LIST_CONTACT_POINT><LIST_CONTACT_POINT><DESCRIPTION><![CDATA[masahiko.hongo@gmail.com]]></DESCRIPTION><CONTACT_POINT><CODE>E1</CODE><NAME><![CDATA[E-mail 1]]></NAME></CONTACT_POINT></LIST_CONTACT_POINT><LIST_CONTACT_POINT_PASSENGER><DESCRIPTION><![CDATA[81-09077704267]]></DESCRIPTION><CONTACT_POINT><CODE>M1</CODE><NAME><![CDATA[Mobile Phone 1]]></NAME></CONTACT_POINT></LIST_CONTACT_POINT_PASSENGER><LIST_CONTACT_POINT_PASSENGER><DESCRIPTION><![CDATA[masahiko.hongo@gmail.com]]></DESCRIPTION><CONTACT_POINT><CODE>E1</CODE><NAME><![CDATA[E-mail 1]]></NAME></CONTACT_POINT></LIST_CONTACT_POINT_PASSENGER><TITLE><CODE>Mr</CODE><NAME><![CDATA[Mr]]></NAME></TITLE><LIST_IDENTITY_DOCUMENT><IDENTITY_DOCUMENT_ID><![CDATA[PSPT_BK_GLOBAL_DEFAULT_1]]></IDENTITY_DOCUMENT_ID><DOCUMENT_TYPE enabled='Y' mandatory='Y' PSPTRequirement='MANDATORY' IDENRequirement='DISABLED' NATNRequirement='DISABLED' optionalRequirement='DISABLED'></DOCUMENT_TYPE><DOCUMENT_NUMBER enabled='Y' mandatory='N' PSPTRequirement='OPTIONAL' IDENRequirement='DISABLED' NATNRequirement='DISABLED' optionalRequirement='DISABLED'></DOCUMENT_NUMBER><ISSUING_COUNTRY enabled='Y' mandatory='N' PSPTRequirement='OPTIONAL' IDENRequirement='DISABLED' NATNRequirement='DISABLED' optionalRequirement='DISABLED'></ISSUING_COUNTRY><NATIONALITY enabled='Y' mandatory='N' PSPTRequirement='OPTIONAL' IDENRequirement='DISABLED' NATNRequirement='DISABLED' optionalRequirement='DISABLED'></NATIONALITY><DATE_OF_BIRTH enabled='Y' mandatory='Y' PSPTRequirement='MANDATORY' IDENRequirement='DISABLED' NATNRequirement='DISABLED' optionalRequirement='DISABLED'></DATE_OF_BIRTH><GENDER enabled='Y' mandatory='Y' PSPTRequirement='MANDATORY' IDENRequirement='DISABLED' NATNRequirement='DISABLED' optionalRequirement='DISABLED'></GENDER><EXPIRY_DATE enabled='Y' mandatory='N' PSPTRequirement='OPTIONAL' IDENRequirement='DISABLED' NATNRequirement='DISABLED' optionalRequirement='DISABLED'></EXPIRY_DATE><FIRST_NAME enabled='Y' mandatory='Y' PSPTRequirement='MANDATORY' IDENRequirement='DISABLED' NATNRequirement='DISABLED' optionalRequirement='DISABLED'></FIRST_NAME><LAST_NAME enabled='Y' mandatory='Y' PSPTRequirement='MANDATORY' IDENRequirement='DISABLED' NATNRequirement='DISABLED' optionalRequirement='DISABLED'></LAST_NAME><MIDDLE_NAME enabled='Y' mandatory='N' PSPTRequirement='OPTIONAL' IDENRequirement='DISABLED' NATNRequirement='DISABLED' optionalRequirement='DISABLED'></MIDDLE_NAME><IS_PASSPORT_HOLDER enabled='N' mandatory='N' PSPTRequirement='DISABLED' IDENRequirement='DISABLED' NATNRequirement='DISABLED' optionalRequirement='DISABLED'></IS_PASSPORT_HOLDER><CATEGORY><![CDATA[PSPT]]></CATEGORY><SEQNO><![CDATA[GLOBAL_DEFAULT_1]]></SEQNO><SCOPE><![CDATA[BK]]></SCOPE></LIST_IDENTITY_DOCUMENT><LIST_IDENTITY_DOCUMENT><IDENTITY_DOCUMENT_ID><![CDATA[KNWT_BK_GLOBAL_DEFAULT_1]]></IDENTITY_DOCUMENT_ID><DOCUMENT_TYPE enabled='Y' mandatory='Y' optionalRequirement='DISABLED'></DOCUMENT_TYPE><DOCUMENT_NUMBER enabled='Y' mandatory='Y' optionalRequirement='DISABLED'></DOCUMENT_NUMBER><APPLICABLE_COUNTRY enabled='Y' mandatory='N' optionalRequirement='DISABLED'></APPLICABLE_COUNTRY><CATEGORY><![CDATA[KNWT]]></CATEGORY><SEQNO><![CDATA[GLOBAL_DEFAULT_1]]></SEQNO><SCOPE><![CDATA[BK]]></SCOPE></LIST_IDENTITY_DOCUMENT><LIST_IDENTITY_DOCUMENT><IDENTITY_DOCUMENT_ID><![CDATA[VISA_BK_GLOBAL_DEFAULT_2]]></IDENTITY_DOCUMENT_ID><DOCUMENT_TYPE enabled='Y' mandatory='Y' optionalRequirement='DISABLED'></DOCUMENT_TYPE><DOCUMENT_NUMBER enabled='Y' mandatory='Y' optionalRequirement='DISABLED'></DOCUMENT_NUMBER><PLACE_OF_ISSUING enabled='Y' mandatory='Y' optionalRequirement='DISABLED'></PLACE_OF_ISSUING><ISSUE_DATE enabled='Y' mandatory='Y' optionalRequirement='DISABLED'></ISSUE_DATE><APPLICABLE_COUNTRY enabled='Y' mandatory='Y' optionalRequirement='DISABLED'></APPLICABLE_COUNTRY><PLACE_OF_BIRTH enabled='Y' mandatory='N' optionalRequirement='DISABLED'></PLACE_OF_BIRTH><CATEGORY><![CDATA[VISA]]></CATEGORY><SEQNO><![CDATA[GLOBAL_DEFAULT_2]]></SEQNO><SCOPE><![CDATA[BK]]></SCOPE></LIST_IDENTITY_DOCUMENT><LIST_IDENTITY_DOCUMENT><IDENTITY_DOCUMENT_ID><![CDATA[REDN_BK_GLOBAL_DEFAULT_3]]></IDENTITY_DOCUMENT_ID><DOCUMENT_TYPE enabled='Y' mandatory='Y' optionalRequirement='DISABLED'></DOCUMENT_TYPE><DOCUMENT_NUMBER enabled='Y' mandatory='Y' optionalRequirement='DISABLED'></DOCUMENT_NUMBER><APPLICABLE_COUNTRY enabled='Y' mandatory='N' optionalRequirement='DISABLED'></APPLICABLE_COUNTRY><CATEGORY><![CDATA[REDN]]></CATEGORY><SEQNO><![CDATA[GLOBAL_DEFAULT_3]]></SEQNO><SCOPE><![CDATA[BK]]></SCOPE></LIST_IDENTITY_DOCUMENT><APIS><LIST_PRIMARY_TRAVEL_DOCUMENTS><TARGET><TYPE><![CDATA[GLOBAL]]></TYPE><VALUE><![CDATA[DEFAULT]]></VALUE></TARGET><INDEX><![CDATA[1]]></INDEX><STRUCTURE_ID enabled='Y' mandatory='N' PSPTRequirement='OPTIONAL' IDENRequirement='DISABLED' NATNRequirement='DISABLED'><![CDATA[PSPT_BK_GLOBAL_DEFAULT_1]]></STRUCTURE_ID><APIS_ENTRY_ID><![CDATA[GLOBAL_DEFAULT_1]]></APIS_ENTRY_ID></LIST_PRIMARY_TRAVEL_DOCUMENTS><LIST_SECONDARY_TRAVEL_DOCUMENTS><TARGET><TYPE><![CDATA[GLOBAL]]></TYPE><VALUE><![CDATA[DEFAULT]]></VALUE></TARGET><INDEX><![CDATA[1]]></INDEX><STRUCTURE_ID enabled='Y' mandatory='N'><![CDATA[KNWT_BK_GLOBAL_DEFAULT_1]]></STRUCTURE_ID><APIS_ENTRY_ID><![CDATA[GLOBAL_DEFAULT_1]]></APIS_ENTRY_ID></LIST_SECONDARY_TRAVEL_DOCUMENTS><LIST_SECONDARY_TRAVEL_DOCUMENTS><TARGET><TYPE><![CDATA[GLOBAL]]></TYPE><VALUE><![CDATA[DEFAULT]]></VALUE></TARGET><INDEX><![CDATA[2]]></INDEX><STRUCTURE_ID enabled='Y' mandatory='N'><![CDATA[VISA_BK_GLOBAL_DEFAULT_2]]></STRUCTURE_ID><APIS_ENTRY_ID><![CDATA[GLOBAL_DEFAULT_2]]></APIS_ENTRY_ID></LIST_SECONDARY_TRAVEL_DOCUMENTS><LIST_SECONDARY_TRAVEL_DOCUMENTS><TARGET><TYPE><![CDATA[GLOBAL]]></TYPE><VALUE><![CDATA[DEFAULT]]></VALUE></TARGET><INDEX><![CDATA[3]]></INDEX><STRUCTURE_ID enabled='Y' mandatory='N'><![CDATA[REDN_BK_GLOBAL_DEFAULT_3]]></STRUCTURE_ID><APIS_ENTRY_ID><![CDATA[GLOBAL_DEFAULT_3]]></APIS_ENTRY_ID></LIST_SECONDARY_TRAVEL_DOCUMENTS><LIST_RESIDENCE_ADDRESSES><TARGET><TYPE><![CDATA[GLOBAL]]></TYPE><VALUE><![CDATA[DEFAULT]]></VALUE></TARGET><INDEX><![CDATA[1]]></INDEX><STRUCTURE_ID enabled='Y' mandatory='N'><![CDATA[APIS_RES_BK_GLOBAL_DEFAULT_1]]></STRUCTURE_ID><APIS_ENTRY_ID><![CDATA[GLOBAL_DEFAULT_1]]></APIS_ENTRY_ID></LIST_RESIDENCE_ADDRESSES><LIST_DESTINATION_ADDRESSES><TARGET><TYPE><![CDATA[ELEMENT]]></TYPE><VALUE><![CDATA[1]]></VALUE></TARGET><INDEX><![CDATA[1]]></INDEX><STRUCTURE_ID enabled='Y' mandatory='N'><![CDATA[APIS_BK_ELEMENT_1_1]]></STRUCTURE_ID><APIS_ENTRY_ID><![CDATA[ELEMENT_1_1]]></APIS_ENTRY_ID></LIST_DESTINATION_ADDRESSES></APIS></IDENTITY_INFORMATION><LIST_PREFERENCES><AIR_PREFERENCES><MEAL><CODE>STRD</CODE><NAME><![CDATA[No special meal]]></NAME></MEAL><LIST_FREQUENT_FLYER isValid='true'><COMPANY_ACCOUNT_ID>1</COMPANY_ACCOUNT_ID><ACCOUNT_NUMBER>XXXX-XX97-57</ACCOUNT_NUMBER><ACCOUNT_LEVEL><![CDATA[ACH]]></ACCOUNT_LEVEL><PRIORITY_CODE><![CDATA[7]]></PRIORITY_CODE><COMPANY><CODE><![CDATA[NH]]></CODE><NAME><![CDATA[All Nippon Airways]]></NAME></COMPANY><RETRIEVED_FROM><![CDATA[FQTV]]></RETRIEVED_FROM></LIST_FREQUENT_FLYER><LIST_MILES_ACCOUNT><MILES_ACCOUNT_ID>1</MILES_ACCOUNT_ID><FREQUENT_FLYER_ID>1</FREQUENT_FLYER_ID><LIST_STATUS><STATUS_ID>1</STATUS_ID><COMPANY><CODE><![CDATA[SQ]]></CODE></COMPANY><STATUS>HK</STATUS><IS_VALIDATED>true</IS_VALIDATED></LIST_STATUS></LIST_MILES_ACCOUNT></AIR_PREFERENCES></LIST_PREFERENCES><LIST_PREFERENCES><SEGMENT_ID>1</SEGMENT_ID><AIR_PREFERENCES><LIST_SEAT_CHARACTERISTIC><CODE>E</CODE></LIST_SEAT_CHARACTERISTIC><LIST_SEAT_CHARACTERISTIC><CODE>CH</CODE></LIST_SEAT_CHARACTERISTIC><LIST_SEAT_CHARACTERISTIC><CODE>A</CODE></LIST_SEAT_CHARACTERISTIC><LIST_SEAT_CHARACTERISTIC><CODE>L</CODE></LIST_SEAT_CHARACTERISTIC><LIST_SEAT_CHARACTERISTIC><CODE>N</CODE></LIST_SEAT_CHARACTERISTIC><SEAT_ASSIGNMENT><![CDATA[58H]]></SEAT_ASSIGNMENT><SEAT_STATUS><CODE>HK</CODE><NAME><![CDATA[Confirmed]]></NAME></SEAT_STATUS><MEAL><CODE>STRD</CODE><NAME><![CDATA[No special meal]]></NAME></MEAL></AIR_PREFERENCES></LIST_PREFERENCES><LIST_FHFA><SEGMENT_ID>1</SEGMENT_ID><AIRLINE><CODE>SQ</CODE></AIRLINE><FLIGHT_NUMBER>637</FLIGHT_NUMBER></LIST_FHFA><LIST_ADDITIONAL_INFORMATION><COMPLEX_ID><![CDATA[AIR-1]]></COMPLEX_ID><SEGMENT_ID>1</SEGMENT_ID><PRODUCT_TYPE><![CDATA[AIR]]></PRODUCT_TYPE><LIST_SERVICE><SERVICE_ID><![CDATA[PSW1_1]]></SERVICE_ID><INDEX>1</INDEX><TYPE><CODE><![CDATA[PSW1]]></CODE></TYPE><NUMBER>1</NUMBER><PROPERTIES><LIST_PROPERTY><CODE><![CDATA[NUMBER]]></CODE><LIST_PARAMETER><CODE><![CDATA[VALUE]]></CODE><VALUE><![CDATA[1]]></VALUE></LIST_PARAMETER></LIST_PROPERTY></PROPERTIES><STATUS><CODE><![CDATA[KO]]></CODE></STATUS></LIST_SERVICE></LIST_ADDITIONAL_INFORMATION><TATOO>2</TATOO><LIST_ADDRESS_INFORMATION><ADDRESS_ID><![CDATA[DELIV_1]]></ADDRESS_ID><NAME><![CDATA[MASAHIKO HONGO]]></NAME><FIRST_ADDRESS_LINE><![CDATA[205 4 45 5 Tokura]]></FIRST_ADDRESS_LINE><ZIP_CODE><![CDATA[1850003]]></ZIP_CODE><CITY><![CDATA[Kokubunji]]></CITY><COUNTRY><![CDATA[JP]]></COUNTRY></LIST_ADDRESS_INFORMATION><LIST_ADDRESS_INFORMATION><ADDRESS_ID enabled='Y'><![CDATA[APIS_RES_BK_GLOBAL_DEFAULT_1]]></ADDRESS_ID><FIRST_ADDRESS_LINE enabled='Y' mandatory='N' optionalRequirement='DISABLED'></FIRST_ADDRESS_LINE><ZIP_CODE enabled='Y' mandatory='N' optionalRequirement='DISABLED'></ZIP_CODE><CITY enabled='Y' mandatory='N' optionalRequirement='DISABLED'></CITY><STATE enabled='Y' mandatory='N' optionalRequirement='DISABLED'></STATE><COUNTRY enabled='Y' mandatory='N' optionalRequirement='DISABLED'></COUNTRY></LIST_ADDRESS_INFORMATION><LIST_ADDRESS_INFORMATION><ADDRESS_ID enabled='Y'><![CDATA[APIS_BK_ELEMENT_1_1]]></ADDRESS_ID><FIRST_ADDRESS_LINE enabled='Y' mandatory='N' optionalRequirement='DISABLED'></FIRST_ADDRESS_LINE><ZIP_CODE enabled='Y' mandatory='N' optionalRequirement='DISABLED'></ZIP_CODE><CITY enabled='Y' mandatory='N' optionalRequirement='DISABLED'></CITY><STATE enabled='Y' mandatory='N' optionalRequirement='DISABLED'></STATE><COUNTRY enabled='Y' mandatory='N' optionalRequirement='DISABLED'></COUNTRY></LIST_ADDRESS_INFORMATION><LIST_CREDIT_CARD_INFORMATION><CREDIT_CARD_ID><![CDATA[AIR_1]]></CREDIT_CARD_ID><OWNER_NAME><![CDATA[MASAHIKO HONGO]]></OWNER_NAME><ACCOUNT_NUMBER>XXXX-XXXX-XXXX-1209</ACCOUNT_NUMBER><EXPIRY_DATE code='2022-10-31T23:59:59'><![CDATA[Monday, October 31, 2022]]></EXPIRY_DATE><COMPANY><CODE><![CDATA[VI]]></CODE></COMPANY></LIST_CREDIT_CARD_INFORMATION><LIST_CREDIT_CARD_INFORMATION><ADDRESS_ID><![CDATA[DELIV_1]]></ADDRESS_ID><CREDIT_CARD_ID><![CDATA[CC_1]]></CREDIT_CARD_ID><OWNER_NAME><![CDATA[MASAHIKO HONGO]]></OWNER_NAME><ACCOUNT_NUMBER>XXXX-XXXX-XXXX-1209</ACCOUNT_NUMBER><EXPIRY_DATE code='2022-10-31T23:59:00'><![CDATA[Monday, October 31, 2022]]></EXPIRY_DATE><COMPANY><CODE><![CDATA[VI]]></CODE></COMPANY><DIGIT_CODE><![CDATA[XXX]]></DIGIT_CODE></LIST_CREDIT_CARD_INFORMATION><LIST_GOVERNMENT_PAYMENT_INFORMATION><GOVERNMENT_PAYMENT_ID><![CDATA[AIR_1]]></GOVERNMENT_PAYMENT_ID></LIST_GOVERNMENT_PAYMENT_INFORMATION><LIST_PAYMENT_INFORMATION><TYPE><![CDATA[AIR]]></TYPE><CREDIT_CARD_ID><![CDATA[CC_1]]></CREDIT_CARD_ID><PAYMENT_TYPE><CODE><![CDATA[CC]]></CODE></PAYMENT_TYPE></LIST_PAYMENT_INFORMATION><LIST_DELIVERY_INFORMATION><DELIVERY_TYPE><CODE>ETCKT</CODE><NAME><![CDATA[Electronic Ticketing]]></NAME></DELIVERY_TYPE><TYPE><![CDATA[AIR]]></TYPE></LIST_DELIVERY_INFORMATION></TRAVELLER_INFORMATION><SERVICE_SELECTION><TYPE><![CDATA[SERVICE_SELECTION]]></TYPE><LIST_SERVICE><SERVICE_KEY><BUILDER_CODE><![CDATA[AIR]]></BUILDER_CODE><TYPE><![CDATA[SIT-]]></TYPE><INDEX><![CDATA[1]]></INDEX></SERVICE_KEY><DEFINITION><ASSOCIATION_MODE><ITINERARY><PRODUCT><![CDATA[AIR]]></PRODUCT><TYPE><![CDATA[SEG]]></TYPE></ITINERARY><PASSENGER_ASSOCIATED>true</PASSENGER_ASSOCIATED></ASSOCIATION_MODE><CATEGORY><CODE><![CDATA[SIT]]></CODE><PRIORITY><![CDATA[-1]]></PRIORITY></CATEGORY><NAME><![CDATA[Seat]]></NAME><DESCRIPTION><![CDATA[Seat]]></DESCRIPTION></DEFINITION><LIST_SELECTION><SELECTION_KEY><ELIGIBILITY_KEY><INDEX><![CDATA[SIT-_A_0B5_5_5]]></INDEX></ELIGIBILITY_KEY><SELECTION_INDEX><![CDATA[P1_S1_I1]]></SELECTION_INDEX></SELECTION_KEY><LIST_ASSOCIATION><ITINERARY><PRODUCT><![CDATA[AIR]]></PRODUCT><TYPE><![CDATA[SEG]]></TYPE><ID><![CDATA[1]]></ID></ITINERARY><PASSENGER><ID><![CDATA[1]]></ID></PASSENGER></LIST_ASSOCIATION><LIST_ATTRIBUTE><TYPE><![CDATA[IS_CARRIED_OVER]]></TYPE><VALUE><![CDATA[false]]></VALUE></LIST_ATTRIBUTE><LIST_ATTRIBUTE><TYPE><![CDATA[STATE]]></TYPE><VALUE><![CDATA[INITIAL]]></VALUE></LIST_ATTRIBUTE><LIST_ATTRIBUTE><TYPE><![CDATA[PNR_STATE]]></TYPE><VALUE><![CDATA[MODIFIED]]></VALUE></LIST_ATTRIBUTE><LIST_ATTRIBUTE><TYPE><![CDATA[IS_BILATERAL]]></TYPE><VALUE><![CDATA[false]]></VALUE></LIST_ATTRIBUTE><LIST_ATTRIBUTE><TYPE><![CDATA[IS_QUOTA_BASED]]></TYPE><VALUE><![CDATA[false]]></VALUE></LIST_ATTRIBUTE><LIST_ATTRIBUTE><TYPE><![CDATA[GDS_STATUS]]></TYPE><VALUE><![CDATA[CONFIRMED]]></VALUE></LIST_ATTRIBUTE><LIST_ATTRIBUTE><TYPE><![CDATA[IS_SEATBUNDLED]]></TYPE><VALUE><![CDATA[false]]></VALUE></LIST_ATTRIBUTE><LIST_ATTRIBUTE><TYPE><![CDATA[IS_PACK]]></TYPE><VALUE><![CDATA[false]]></VALUE></LIST_ATTRIBUTE><LIST_ATTRIBUTE><TYPE><![CDATA[IS_ACTIVATED]]></TYPE><VALUE><![CDATA[true]]></VALUE></LIST_ATTRIBUTE><LIST_ATTRIBUTE><TYPE><![CDATA[IS_CHARGEABLE]]></TYPE><VALUE><![CDATA[true]]></VALUE></LIST_ATTRIBUTE><LIST_PROPERTY><CODE><![CDATA[SEAT_CHARACTERISTIC]]></CODE><LIST_PARAMETER><CODE><![CDATA[VALUE]]></CODE><VALUE><![CDATA[E]]></VALUE></LIST_PARAMETER><LIST_PARAMETER><CODE><![CDATA[VALUE]]></CODE><VALUE><![CDATA[CH]]></VALUE></LIST_PARAMETER><LIST_PARAMETER><CODE><![CDATA[VALUE]]></CODE><VALUE><![CDATA[A]]></VALUE></LIST_PARAMETER><LIST_PARAMETER><CODE><![CDATA[VALUE]]></CODE><VALUE><![CDATA[L]]></VALUE></LIST_PARAMETER><LIST_PARAMETER><CODE><![CDATA[VALUE]]></CODE><VALUE><![CDATA[N]]></VALUE></LIST_PARAMETER></LIST_PROPERTY><LIST_PROPERTY><CODE><![CDATA[SEAT_ASSIGNMENT]]></CODE><LIST_PARAMETER><CODE><![CDATA[VALUE]]></CODE><VALUE><![CDATA[58H]]></VALUE></LIST_PARAMETER></LIST_PROPERTY></LIST_SELECTION></LIST_SERVICE><LIST_SELECTION_GROUP><LIST_SELECTION><SERVICE_KEY><BUILDER_CODE><![CDATA[AIR]]></BUILDER_CODE><TYPE><![CDATA[SIT-]]></TYPE><INDEX><![CDATA[1]]></INDEX></SERVICE_KEY><SELECTION_KEY><ELIGIBILITY_KEY><INDEX><![CDATA[SIT-_A_0B5_5_5]]></INDEX></ELIGIBILITY_KEY><SELECTION_INDEX><![CDATA[P1_S1_I1]]></SELECTION_INDEX></SELECTION_KEY></LIST_SELECTION><PRICING_INFORMATION><LIST_SERVICE_PRICE><TOTAL_AMOUNT>6660.00</TOTAL_AMOUNT><CURRENCY><CODE>JPY</CODE></CURRENCY></LIST_SERVICE_PRICE><LIST_TICKET_NUMBER><![CDATA[618-4561500393]]></LIST_TICKET_NUMBER></PRICING_INFORMATION></LIST_SELECTION_GROUP><LIST_TOTAL_AMOUNT><INITIAL_AMOUNT>0.00</INITIAL_AMOUNT><BALANCED_AMOUNT>6660.00</BALANCED_AMOUNT><TOTAL_AMOUNT>6660.00</TOTAL_AMOUNT><CURRENCY><CODE>JPY</CODE><NAME><![CDATA[Japanese Yen]]></NAME></CURRENCY><PRODUCT><![CDATA[AIR]]></PRODUCT></LIST_TOTAL_AMOUNT></SERVICE_SELECTION><PAYMENT><LIST_CREDIT_CARD><TYPE><![CDATA[AIR]]></TYPE><STATUS><![CDATA[-20]]></STATUS><CREDIT_CARD_DATA><ACCOUNT_NUMBER><![CDATA[XXXX-XXXX-XXXX-1209]]></ACCOUNT_NUMBER><EXPIRY_DATE><![CDATA[Mon Oct 31 23:59:59 GMT 2022]]></EXPIRY_DATE><TYPE><![CDATA[VI]]></TYPE><NAME_ON_CARD><![CDATA[MASAHIKO HONGO]]></NAME_ON_CARD></CREDIT_CARD_DATA><CREDIT_CARD_ID><![CDATA[0]]></CREDIT_CARD_ID></LIST_CREDIT_CARD><LIST_CREDIT_CARD><TYPE><![CDATA[AIR]]></TYPE><STATUS><![CDATA[-15]]></STATUS><CREDIT_CARD_DATA><ACCOUNT_NUMBER><![CDATA[XXXX-XXXX-XXXX-1209]]></ACCOUNT_NUMBER><EXPIRY_DATE><![CDATA[Mon Oct 31 23:59:00 GMT 2022]]></EXPIRY_DATE><TYPE><![CDATA[VI]]></TYPE><DIGIT_CODE><![CDATA[XXX]]></DIGIT_CODE><NAME_ON_CARD><![CDATA[MASAHIKO HONGO]]></NAME_ON_CARD></CREDIT_CARD_DATA><CREDIT_CARD_ID><![CDATA[1]]></CREDIT_CARD_ID></LIST_CREDIT_CARD></PAYMENT><REC_LOC>6EUVWI</REC_LOC><PAYMENT_GROUP><TYPE>PAYMENT_GROUP</TYPE><PAYMENT_GROUP_ID><![CDATA[3]]></PAYMENT_GROUP_ID><STATUS><![CDATA[CREATED]]></STATUS><LIST_ASSOCIATIONS><ASSOCIATION><QUALIFIER><![CDATA[APPLIED]]></QUALIFIER><LIST><ELEMENT><TYPE><![CDATA[FPT]]></TYPE><REFERENCE><![CDATA[44]]></REFERENCE></ELEMENT><ELEMENT><TYPE><![CDATA[TSM]]></TYPE><REFERENCE><![CDATA[44]]></REFERENCE></ELEMENT></LIST></ASSOCIATION></LIST_ASSOCIATIONS><LIST_PRODUCT_ID><PRODUCT_TYPE><![CDATA[FPT]]></PRODUCT_TYPE><PRODUCT_ID>44</PRODUCT_ID></LIST_PRODUCT_ID><LIST_PRODUCT_ID><PRODUCT_TYPE><![CDATA[TSM]]></PRODUCT_TYPE><PRODUCT_ID>44</PRODUCT_ID></LIST_PRODUCT_ID><LIST_PAYMENT><PAYMENT_TYPE><CODE><![CDATA[CC]]></CODE><GDS_TYPE><![CDATA[CC]]></GDS_TYPE></PAYMENT_TYPE><PAYMENT_ID>3</PAYMENT_ID><STATUS><![CDATA[CREATED]]></STATUS><SOURCE><![CDATA[BOOKING_ENGINE]]></SOURCE><AMOUNT>6660.00</AMOUNT><CURRENCY><CODE>JPY</CODE><NAME><![CDATA[JPY]]></NAME></CURRENCY><APPROVAL_DATA><IS_APPROVED>true</IS_APPROVED><APPROVAL_CODE><![CDATA[003130]]></APPROVAL_CODE><APPROVAL_TYPE><![CDATA[MANUAL]]></APPROVAL_TYPE></APPROVAL_DATA><CREDIT_CARD_INFORMATION><ADDRESS_ID><![CDATA[1]]></ADDRESS_ID><CREDIT_CARD_ID><![CDATA[1]]></CREDIT_CARD_ID><OWNER_NAME><![CDATA[MASAHIKO HONGO]]></OWNER_NAME><ACCOUNT_NUMBER>XXXXXXXXXXXX1209</ACCOUNT_NUMBER><EXPIRY_DATE code='2022-10-31T23:59:59'><![CDATA[Monday, October 31, 2022]]></EXPIRY_DATE><COMPANY><CODE><![CDATA[VI]]></CODE><NAME><![CDATA[Visa]]></NAME></COMPANY><SOURCE><CODE>PNR</CODE></SOURCE><EMV_DATA><IS_EMV>false</IS_EMV></EMV_DATA></CREDIT_CARD_INFORMATION><ADDRESS_INFORMATION><IS_STRUCTURED>true</IS_STRUCTURED><ADDRESS_ID><![CDATA[1]]></ADDRESS_ID><NAME></NAME></ADDRESS_INFORMATION></LIST_PAYMENT></PAYMENT_GROUP><ACCOUNTABLE_DOCUMENT><TYPE>ACCOUNTABLE_DOCUMENT</TYPE><AIR><REFUND><STATUS><![CDATA[NOT_REFUNDABLE]]></STATUS><NON_ELIGIBILITY_REASON><![CDATA[ATC Refund not allowed (ALLOW_ATC_REFUND = FALSE)]]></NON_ELIGIBILITY_REASON><ELIGIBILITY><FULL_REFUND><IS_ELIGIBLE>false</IS_ELIGIBLE><NON_ELIGIBILITY_REASON><![CDATA[ATC Refund not allowed (ALLOW_ATC_REFUND = FALSE)]]></NON_ELIGIBILITY_REASON></FULL_REFUND><ATC_INVOLUNTARY_REFUND><IS_ELIGIBLE>false</IS_ELIGIBLE><NON_ELIGIBILITY_REASON><![CDATA[ATC refund is not allowed]]></NON_ELIGIBILITY_REASON></ATC_INVOLUNTARY_REFUND></ELIGIBILITY></REFUND></AIR></ACCOUNTABLE_DOCUMENT><APIS_COLLECTION_MODE><![CDATA[OPTIONAL]]></APIS_COLLECTION_MODE></BookTripPlanOutput>